FarmID,Farm ID,Sampling,Test,GreaterLess,Concentration (unedited),Concentration,Micro Notes
R1,1,A,MSC,,1.5,1.5,
R2,2,A,MSC,>,250,250,TNTC
R3,3,A,MSC,,8.5,8.5,
R4,4,A,MSC,,3.5,3.5,
R5,5,A,MSC,>,250,250,TNTC
R6,6,A,MSC,,1.5,1.5,
R7,7,A,MSC,,0.5,0.5,
R8,8,A,MSC,,1.5,1.5,
R9,9,A,MSC,,2.5,2.5,
R10,10,A,MSC,,5.5,5.5,
R11,11,A,MSC,,11.5,11.5,
R12,12,A,MSC,,98.5,98.5,
R13,13,A,MSC,,3,3,
R14,14,A,MSC,,2,2,
R15,15,A,MSC,,6.5,6.5,
R16,16,A,MSC,,0.5,0.5,
R17,17,A,MSC,,3.5,3.5,
R18,18,A,MSC,,49.5,49.5,
R19,19,A,MSC,,4.5,4.5,
R20,20,A,MSC,,2.5,2.5,
R21,21,A,MSC,,4.5,4.5,
R22,22,A,MSC,,0.5,0.5,
R23,23,A,MSC,,6,6,
R24,24,A,MSC,,10.5,10.5,
R25,25,A,MSC,,2.5,2.5,
R1,1,A,TSC,,1,1,
R2,2,A,TSC,,0.5,0.5,
R3,3,A,TSC,,11,11,
R4,4,A,TSC,,2.5,2.5,
R5,5,A,TSC,,5.5,5.5,
R6,6,A,TSC,,1,1,
R7,7,A,TSC,,1,1,
R8,8,A,TSC,,0.5,0.5,
R9,9,A,TSC,,1.5,1.5,
R10,10,A,TSC,,1.5,1.5,
R11,11,A,TSC,,5.5,5.5,
R12,12,A,TSC,,0.5,0.5,
R13,13,A,TSC,,1.5,1.5,
R14,14,A,TSC,,3,3,
R15,15,A,TSC,,6.5,6.5,
R16,16,A,TSC,,2.5,2.5,
R17,17,A,TSC,,3.5,3.5,
R18,18,A,TSC,,25.5,25.5,
R21,21,A,TSC,,1.5,1.5,
R19,19,A,TSC,,6,6,
R20,20,A,TSC,,3,3,
R22,22,A,TSC,,1,1,
R23,23,A,TSC,,3,3,
R24,24,A,TSC,,9.5,9.5,
R25,25,A,TSC,,6,6,
R26,26,A,MSC,,2,2,
R27,27,A,MSC,<,0.5,0.125,
R28,28,A,MSC,,11.5,11.5,
R29,29,A,MSC,,1,1,
R30,30,A,MSC,,4,4,
R31,31,A,MSC,,2.5,2.5,
R32,32,A,MSC,,2.5,2.5,
R33,33,A,MSC,,11.5,11.5,
R34,34,A,MSC,,17,17,
R35,35,A,MSC,,19,19,
R36,36,A,MSC,,11.5,11.5,
R37,37,A,MSC,,4.5,4.5,
R38,38,A,MSC,,4.5,4.5,
R39,39,A,MSC,,2.5,2.5,
R40,40,A,MSC,,15,15,
R41,41,A,MSC,,3,3,
R42,42,A,MSC,,54.5,54.5,
R43,43,A,MSC,,10,10,
R44,44,A,MSC,,28,28,
R45,45,A,MSC,,8,8,
R46,46,A,MSC,,27.5,27.5,
R47,47,A,MSC,,6,6,
R48,48,A,MSC,,34,34,
R49,49,A,MSC,,9.5,9.5,
R50,50,A,MSC,,4,4,
R26,26,A,TSC,<,0.5,0.125,
R27,27,A,TSC,<,0.5,0.125,
R28,28,A,TSC,,4,4,
R29,29,A,TSC,<,0.5,0.125,
R30,30,A,TSC,,11,11,
R31,31,A,TSC,,1.5,1.5,
R32,32,A,TSC,<,0.5,0.125,
R33,33,A,TSC,,6,6,
R34,34,A,TSC,,16,16,
R35,35,A,TSC,,21,21,
R36,36,A,TSC,,1.5,1.5,
R37,37,A,TSC,,1.5,1.5,
R38,38,A,TSC,,4,4,
R39,39,A,TSC,,4,4,
R40,40,A,TSC,,9,9,
R41,41,A,TSC,,1,1,
R42,42,A,TSC,,111,111,
R43,43,A,TSC,,6,6,
R44,44,A,TSC,,19,19,
R45,45,A,TSC,,10,10,Estimated
R46,46,A,TSC,,2,2,
R47,47,A,TSC,,10.5,10.5,
R48,48,A,TSC,,25,25,
R49,49,A,TSC,,4.5,4.5,
R50,50,A,TSC,,2,2,
R53,53,A,MSC,,1,1,
R52,52,A,MSC,,1,1,
R51,51,A,MSC,,0.5,0.5,
R56,56,A,MSC,,0.5,0.5,
R55,55,A,MSC,,0.5,0.5,
R54,54,A,MSC,,1,1,
R58,58,A,MSC,,0.5,0.5,
R57,57,A,MSC,,1,1,
R59,59,A,MSC,,8,8,
R60,60,A,MSC,,10,10,
R61,61,A,MSC,,12,12,
R62,62,A,MSC,,6.5,6.5,
R63,63,A,MSC,<,0.5,0.125,
R64,64,A,MSC,<,0.5,0.125,
R65,65,A,MSC,,0.5,0.5,
R66,66,A,MSC,<,0.5,0.125,
R67,67,A,MSC,,5.5,5.5,
R68,68,A,MSC,,3.5,3.5,
R69,69,A,MSC,<,0.5,0.125,
R70,70,B,MSC,<,0.5,0.125,
R71,71,B,MSC,,3,3,
R72,72,B,MSC,,3.5,3.5,
R73,73,B,MSC,,8.5,8.5,
R74,74,B,MSC,,13,13,
R75,75,B,MSC,,6,6,
R51,51,A,TSC,<,0.5,0.125,
R52,52,A,TSC,<,0.5,0.125,
R53,53,A,TSC,,1.5,1.5,
R54,54,A,TSC,<,0.5,0.125,
R55,55,A,TSC,,5,5,
R56,56,A,TSC,<,0.5,0.125,
R57,57,A,TSC,,0.5,0.5,
R58,58,A,TSC,<,0.5,0.125,
R59,59,A,TSC,,3,3,
R60,60,A,TSC,,29,29,
R61,61,A,TSC,,8,8,
R62,62,A,TSC,,14.5,14.5,
R63,63,A,TSC,,2.5,2.5,
R64,64,A,TSC,<,0.5,0.125,
R65,65,A,TSC,,0.5,0.5,
R66,66,A,TSC,<,0.5,0.125,
R67,67,A,TSC,<,0.5,0.125,
R68,68,A,TSC,,0.5,0.5,
R69,69,A,TSC,<,0.5,0.125,
R70,70,B,TSC,,1.5,1.5,
R71,71,B,TSC,,0.5,0.5,
R72,72,B,TSC,,1,1,
R73,73,B,TSC,,4,4,
R74,74,B,TSC,,4.5,4.5,
R75,75,B,TSC,,4,4,
R29,29,B,TSC,<,0.5,0.125,
R30,30,B,TSC,,12.5,12.5,
R31,31,B,TSC,,4.5,4.5,
R32,32,B,TSC,,0.5,0.5,
R33,33,B,TSC,,5,5,
R34,34,B,TSC,,23,23,
R35,35,B,TSC,,16,16,
R37,37,B,TSC,,2.5,2.5,
R38,38,B,TSC,,5,5,
R42,42,B,TSC,,9,9,
R53,53,B,TSC,,7.5,7.5,
R54,54,B,TSC,,5,5,
R29,29,B,MSC,,1.5,1.5,
R30,30,B,MSC,,20.5,20.5,
R31,31,B,MSC,,3.5,3.5,
R32,32,B,MSC,,0.5,0.5,
R33,33,B,MSC,,6,6,
R34,34,B,MSC,,25.5,25.5,
R35,35,B,MSC,,14,14,
R37,37,B,MSC,,15.5,15.5,
R38,38,B,MSC,,3.5,3.5,
R42,42,B,MSC,,37,37,
R53,53,B,MSC,,16,16,
R54,54,B,MSC,,4.5,4.5,
R36,36,B,MSC,<,0.5,0.125,
R51,51,B,MSC,,4.5,4.5,
R76,76,B,MSC,<,0.5,0.125,
R77,77,B,MSC,,3.5,3.5,
R36,36,B,TSC,,1,1,
R51,51,B,TSC,,4,4,
R76,76,B,TSC,,0.5,0.5,
R77,77,B,TSC,,0.5,0.5,
R1,1,B,MSC,,4,4,
R2,2,B,MSC,,1,1,
R3,3,B,MSC,,18.5,18.5,
R4,4,B,MSC,,6,6,
R5,5,B,MSC,,6.5,6.5,
R6,6,B,MSC,,9,9,
R7,7,B,MSC,,15.5,15.5,
R8,8,B,MSC,,3.5,3.5,
R9,9,B,MSC,,2.5,2.5,
R10,10,B,MSC,,1,1,
R11,11,B,MSC,,6,6,
R12,12,B,MSC,,5,5,
R13,13,B,MSC,,5,5,
R39,39,B,MSC,,8,8,
R40,40,B,MSC,,5,5,
R41,41,B,MSC,,17.5,17.5,
R44,44,B,MSC,,5.5,5.5,
R45,45,B,MSC,,31,31,
R46,46,B,MSC,,5.5,5.5,
R47,47,B,MSC,,4.5,4.5,
R48,48,B,MSC,,19.5,19.5,
R49,49,B,MSC,,3.5,3.5,
R78,78,B,MSC,,12,12,
R79,79,B,MSC,,7,7,
R80,80,B,MSC,,2,2,
R1,1,B,TSC,,2,2,
R2,2,B,TSC,<,0.5,0.125,
R3,3,B,TSC,,11.5,11.5,
R4,4,B,TSC,,9,9,
R5,5,B,TSC,,3.5,3.5,
R6,6,B,TSC,,7,7,
R7,7,B,TSC,,13,13,
R8,8,B,TSC,<,0.5,0.125,
R9,9,B,TSC,,2,2,
R10,10,B,TSC,,0.5,0.5,
R11,11,B,TSC,,7,7,
R12,12,B,TSC,,2,2,
R13,13,B,TSC,,1,1,
R39,39,B,TSC,,5,5,
R40,40,B,TSC,,6,6,
R41,41,B,TSC,,10,10,
R44,44,B,TSC,,3.5,3.5,
R45,45,B,TSC,,19.5,19.5,
R46,46,B,TSC,,4.5,4.5,
R47,47,B,TSC,,6.5,6.5,
R48,48,B,TSC,,15,15,
R49,49,B,TSC,,4,4,
R78,78,B,TSC,,8,8,
R79,79,B,TSC,,6,6,
R80,80,B,TSC,,0.5,0.5,
R14,14,B,MSC,,1,1,
R15,15,B,MSC,,10,10,
R16,16,B,MSC,,3.5,3.5,
R17,17,B,MSC,,10.5,10.5,
R18,18,B,MSC,,41.5,41.5,
R19,19,B,MSC,,13,13,
R20,20,B,MSC,,1,1,
R21,21,B,MSC,,3.5,3.5,
R22,22,B,MSC,,1.5,1.5,
R23,23,B,MSC,,4.5,4.5,
R24,24,B,MSC,,95,95,
R25,25,B,MSC,,62,62,
R26,26,B,MSC,,7,7,
R27,27,B,MSC,,7,7,
R28,28,B,MSC,<,0.5,0.125,
R50,50,B,MSC,,2,2,
R55,55,B,MSC,,1.5,1.5,
R58,58,B,MSC,,8,8,
R59,59,B,MSC,,10.5,10.5,
R60,60,B,MSC,,9,9,
R61,61,B,MSC,,3.5,3.5,
R62,62,B,MSC,,1,1,
R63,63,B,MSC,,2,2,
R65,65,B,MSC,,1,1,
R66,66,B,MSC,,0.5,0.5,
R14,14,B,TSC,<,0.5,0.125,
R15,15,B,TSC,,6,6,
R16,16,B,TSC,<,0.5,0.125,
R17,17,B,TSC,,3.5,3.5,
R18,18,B,TSC,,7.5,7.5,
R19,19,B,TSC,,3.5,3.5,
R20,20,B,TSC,<,0.5,0.125,
R21,21,B,TSC,,3,3,
R22,22,B,TSC,,0.5,0.5,
R23,23,B,TSC,,2.5,2.5,
R24,24,B,TSC,,6.5,6.5,
R25,25,B,TSC,,2.5,2.5,
R26,26,B,TSC,,1.5,1.5,
R27,27,B,TSC,,4.5,4.5,
R28,28,B,TSC,,0.5,0.5,
R50,50,B,TSC,<,0.5,0.125,
R55,55,B,TSC,<,0.5,0.125,
R58,58,B,TSC,,2.5,2.5,
R59,59,B,TSC,,2,2,
R60,60,B,TSC,,26.5,26.5,
R61,61,B,TSC,<,0.5,0.125,
R62,62,B,TSC,,16.5,16.5,
R63,63,B,TSC,<,0.5,0.125,
R65,65,B,TSC,<,0.5,0.125,
R66,66,B,TSC,<,0.5,0.125,
R86,86,A,MSC,,3,3,
R68,68,B,MSC,<,0.5,0.125,
R69,69,B,MSC,<,0.5,0.125,
R81,81,B,MSC,,34.5,34.5,
R82,82,B,MSC,,12.5,12.5,
R83,83,B,MSC,,26,26,
R84,84,B,MSC,,30.5,30.5,
R85,85,B,MSC,,10.5,10.5,
R86,86,B,MSC,,7.5,7.5,
R87,87,B,MSC,,4.5,4.5,
R88,88,B,MSC,,7.5,7.5,
R89,89,B,MSC,,8.5,8.5,
R90,90,B,MSC,,3.5,3.5,
R29,29,C,MSC,,4.5,4.5,
R30,30,C,MSC,,34.5,34.5,
R31,31,C,MSC,,0.5,0.5,
R32,32,C,MSC,,1,1,
R35,35,C,MSC,,2.5,2.5,
R36,36,C,MSC,,10,10,
R37,37,C,MSC,,1,1,
R42,42,C,MSC,,35,35,
R38,38,C,MSC,,71.5,71.5,
R54,54,C,MSC,,9,9,
R70,70,C,MSC,,3,3,
R71,71,C,MSC,,0.5,0.5,
R86,86,A,TSC,,1,1,
R68,68,B,TSC,<,0.5,0.125,
R69,69,B,TSC,<,0.5,0.125,
R81,81,B,TSC,,5,5,
R82,82,B,TSC,,2,2,
R83,83,B,TSC,,7,7,
R84,84,B,TSC,,4,4,
R85,85,B,TSC,,3,3,
R86,86,B,TSC,,2.5,2.5,
R87,87,B,TSC,,7.5,7.5,
R88,88,B,TSC,<,0.5,0.125,
R89,89,B,TSC,,1.5,1.5,
R29,29,C,TSC,<,0.5,0.125,
R30,30,C,TSC,,6.5,6.5,
R90,90,B,TSC,,0.5,0.5,
R31,31,C,TSC,<,0.5,0.125,
R32,32,C,TSC,,1,1,
R35,35,C,TSC,,4,4,
R36,36,C,TSC,<,0.5,0.125,
R37,37,C,TSC,,2.5,2.5,
R38,38,C,TSC,,8.5,8.5,
R42,42,C,TSC,,24.5,24.5,
R54,54,C,TSC,,11.5,11.5,
R70,70,C,TSC,,2.5,2.5,
R71,71,C,TSC,,0.5,0.5,
R22,22,C,MSC,,2.5,2.5,
R23,23,C,MSC,,1.5,1.5,
R24,24,C,MSC,,11.5,11.5,
R25,25,C,MSC,,7.5,7.5,
R26,26,C,MSC,,1,1,
R27,27,C,MSC,,1,1,
R28,28,C,MSC,,9,9,
R34,34,C,MSC,,24,24,
R40,40,C,MSC,,4,4,
R41,41,C,MSC,,7.5,7.5,
R51,51,C,MSC,<,0.5,0.125,
R72,72,C,MSC,,2.5,2.5,
R73,73,C,MSC,,3.5,3.5,
R74,74,C,MSC,,12.5,12.5,
R75,75,C,MSC,,11,11,
R91,91,C,MSC,,4.5,4.5,
R92,92,C,MSC,,16,16,
R93,93,C,MSC,,6,6,
R94,94,C,MSC,,0.5,0.5,
R95,95,C,MSC,,31,31,
R96,96,C,MSC,,8.5,8.5,
R97,97,C,MSC,,3,3,
R98,98,C,MSC,,0.5,0.5,
R99,99,C,MSC,,8,8,
R100,100,C,MSC,,24.5,24.5,
R22,22,C,TSC,,3,3,
R23,23,C,TSC,,3,3,
R24,24,C,TSC,,8,8,
R25,25,C,TSC,,1.5,1.5,
R26,26,C,TSC,,2.5,2.5,
R27,27,C,TSC,<,0.5,0.125,
R28,28,C,TSC,,8.5,8.5,
R34,34,C,TSC,,11,11,
R40,40,C,TSC,,5.5,5.5,
R41,41,C,TSC,,5,5,
R51,51,C,TSC,<,0.5,0.125,
R72,72,C,TSC,,1.5,1.5,
R73,73,C,TSC,<,0.5,0.125,
R74,74,C,TSC,,5,5,
R75,75,C,TSC,,2.5,2.5,
R91,91,C,TSC,,8,8,
R92,92,C,TSC,,10.5,10.5,
R93,93,C,TSC,,8,8,
R94,94,C,TSC,,0.5,0.5,
R95,95,C,TSC,,12.5,12.5,
R96,96,C,TSC,,6,6,
R97,97,C,TSC,,2.5,2.5,
R98,98,C,TSC,<,0.5,0.125,
R99,99,C,TSC,,5,5,
R100,100,C,TSC,,24.5,24.5,
R1,1,C,MSC,,1,1,
R2,2,C,MSC,,0.5,0.5,
R3,3,C,MSC,,21.5,21.5,
R4,4,C,MSC,,34,34,
R5,5,C,MSC,,5.5,5.5,
R6,6,C,MSC,,12,12,
R7,7,C,MSC,,1,1,
R8,8,C,MSC,,3,3,SPREADER
R9,9,C,MSC,,31.5,31.5,
R10,10,C,MSC,,14.5,14.5,
R11,11,C,MSC,,2,2,
R12,12,C,MSC,,4.5,4.5,
R13,13,C,MSC,,8.5,8.5,SPREADER
R14,14,C,MSC,,3,3,
R15,15,C,MSC,,20,20,
R16,16,C,MSC,,14,14,
R17,17,C,MSC,,11,11,
R18,18,C,MSC,,50.5,50.5,SPREADER
R19,19,C,MSC,,18,18,
R20,20,C,MSC,,1.5,1.5,
R21,21,C,MSC,,48,48,
R33,33,C,MSC,<,0.5,0.125,
R39,39,C,MSC,,7,7,
R52,52,C,MSC,,4.5,4.5,
R53,53,C,MSC,,10,10,
R1,1,C,TSC,,2,2,
R2,2,C,TSC,,0.5,0.5,
R3,3,C,TSC,,9,9,
R4,4,C,TSC,,12,12,
R5,5,C,TSC,<,0.5,0.125,
R6,6,C,TSC,,3,3,
R7,7,C,TSC,<,0.5,0.125,
R8,8,C,TSC,<,0.5,0.125,
R9,9,C,TSC,,21.5,21.5,
R10,10,C,TSC,,5.5,5.5,
R11,11,C,TSC,,1,1,
R12,12,C,TSC,,4.5,4.5,
R13,13,C,TSC,,3.5,3.5,
R14,14,C,TSC,,2.5,2.5,
R15,15,C,TSC,,16.5,16.5,
R16,16,C,TSC,,14,14,
R17,17,C,TSC,,6,6,
R18,18,C,TSC,,17.5,17.5,
R19,19,C,TSC,,10.5,10.5,
R20,20,C,TSC,<,0.5,0.125,
R21,21,C,TSC,,31,31,
R33,33,C,TSC,,2,2,
R39,39,C,TSC,,6.5,6.5,
R52,52,C,TSC,,5.5,5.5,
R53,53,C,TSC,,7.5,7.5,
R44,44,C,MSC,,12.5,12.5,
R45,45,C,MSC,,6,6,
R46,46,C,MSC,,29.5,29.5,
R47,47,C,MSC,,4,4,
R48,48,C,MSC,,45.5,45.5,
R49,49,C,MSC,,6.5,6.5,
R50,50,C,MSC,,5.5,5.5,
R57,57,C,MSC,,5,5,
R58,58,C,MSC,,16.5,16.5,
R59,59,C,MSC,,10,10,
R60,60,C,MSC,,4,4,
R61,61,C,MSC,,6,6,
R62,62,C,MSC,,16.5,16.5,
R63,63,C,MSC,,3.5,3.5,
R65,65,C,MSC,,3.5,3.5,
R78,78,C,MSC,,33,33,
R79,79,C,MSC,,47,47,
R80,80,C,MSC,,54,54,
R81,81,C,MSC,,7.5,7.5,
R82,82,C,MSC,,17,17,
R83,83,C,MSC,,18.5,18.5,
R84,84,C,MSC,,13.5,13.5,
R87,87,C,MSC,,8,8,
R88,88,C,MSC,,3,3,
R89,89,C,MSC,,13,13,
R44,44,C,TSC,,22,22,
R45,45,C,TSC,,4.5,4.5,
R46,46,C,TSC,,12.5,12.5,
R47,47,C,TSC,,2.5,2.5,
R48,48,C,TSC,,26.5,26.5,
R49,49,C,TSC,,6.5,6.5,
R50,50,C,TSC,,1,1,
R57,57,C,TSC,,6.5,6.5,
R58,58,C,TSC,,8.5,8.5,
R59,59,C,TSC,,16.5,16.5,
R60,60,C,TSC,,8,8,
R61,61,C,TSC,,5,5,
R62,62,C,TSC,,21,21,
R63,63,C,TSC,,1.5,1.5,
R65,65,C,TSC,,1.5,1.5,
R78,78,C,TSC,,33.5,33.5,
R79,79,C,TSC,,41,41,
R80,80,C,TSC,,22.5,22.5,
R81,81,C,TSC,,7,7,
R82,82,C,TSC,,6.5,6.5,
R83,83,C,TSC,,11.5,11.5,
R84,84,C,TSC,,11,11,
R87,87,C,TSC,,9,9,
R88,88,C,TSC,,3,3,
R89,89,C,TSC,,12,12,
R56,56,C,MSC,,3.5,3.5,
R67,67,C,MSC,,8,8,
R68,68,C,MSC,,0.5,0.5,
R69,69,C,MSC,<,0.5,0.125,
R77,77,C,MSC,,3,3,
R85,85,C,MSC,,11.5,11.5,
R86,86,C,MSC,,5.5,5.5,
R90,90,C,MSC,,3.5,3.5,
R101,101,C,MSC,,36.5,36.5,
R102,102,C,MSC,,59,59,
R56,56,C,TSC,,1,1,
R67,67,C,TSC,,1,1,
R68,68,C,TSC,<,0.5,0.125,
R69,69,C,TSC,<,0.5,0.125,
R77,77,C,TSC,,2,2,
R85,85,C,TSC,,18,18,
R86,86,C,TSC,,16.5,16.5,
R90,90,C,TSC,,1,1,
R101,101,C,TSC,,62.5,62.5,
R102,102,C,TSC,,7.5,7.5,
R29,29,D,MSC,,1,1,
R30,30,D,MSC,,1.5,1.5,
R31,31,D,MSC,,6,6,
R32,32,D,MSC,,19.5,19.5,
R35,35,D,MSC,,12,12,
R36,36,D,MSC,,5,5,
R37,37,D,MSC,,2,2,
R38,38,D,MSC,,6.5,6.5,
R39,39,D,MSC,,4,4,
R40,40,D,MSC,,14,14,
R41,41,D,MSC,,5,5,
R42,42,D,MSC,,79.5,79.5,
R54,54,D,MSC,,5.5,5.5,
R70,70,D,MSC,<,0.5,0.125,
R71,71,D,MSC,,8.5,8.5,
R91,91,D,MSC,,14,14,
R92,92,D,MSC,,3.5,3.5,
R93,93,D,MSC,,3,3,
R94,94,D,MSC,,13,13,
R95,95,D,MSC,,11.5,11.5,
R96,96,D,MSC,,13.5,13.5,
R97,97,D,MSC,,7,7,
R98,98,D,MSC,,5,5,
R99,99,D,MSC,,23,23,
R100,100,D,MSC,,20,20,
R29,29,D,TSC,<,0.5,0.125,
R30,30,D,TSC,,1.5,1.5,
R31,31,D,TSC,<,0.5,0.125,
R32,32,D,TSC,<,0.5,0.125,
R35,35,D,TSC,,5,5,
R36,36,D,TSC,,5,5,
R37,37,D,TSC,,2,2,
R38,38,D,TSC,,6,6,
R39,39,D,TSC,,12,12,
R40,40,D,TSC,,1.5,1.5,
R41,41,D,TSC,,7,7,
R42,42,D,TSC,,49.5,49.5,
R54,54,C,TSC,,3.5,3.5,
R70,70,D,TSC,<,0.5,0.125,
R71,71,D,TSC,,13.5,13.5,
R91,91,D,TSC,,6,6,
R92,92,D,TSC,,2,2,
R93,93,D,TSC,,2,2,
R94,94,D,TSC,,11,11,
R95,95,D,TSC,,16.5,16.5,
R96,96,D,TSC,,11.5,11.5,
R97,97,D,TSC,,4,4,
R98,98,D,TSC,,4,4,
R99,99,D,TSC,,17,17,
R100,100,D,TSC,,9,9,
R2,2,D,MSC,<,0.5,0.125,
R3,3,D,MSC,,9.5,9.5,
R4,4,D,MSC,,3.5,3.5,
R5,5,D,MSC,,2.5,2.5,
R6,6,D,MSC,,3.5,3.5,
R7,7,D,MSC,,4,4,
R8,8,D,MSC,,6,6,
R9,9,D,MSC,,3,3,
R10,10,D,MSC,,1,1,
R11,11,D,MSC,,4,4,
R12,12,D,MSC,,3.5,3.5,
R13,13,D,MSC,,18,18,
R14,14,D,MSC,,2,2,
R15,15,D,MSC,,5.5,5.5,
R16,16,D,MSC,,8.5,8.5,
R17,17,D,MSC,,7,7,
R18,18,D,MSC,,1,1,
R19,19,D,MSC,,29.5,29.5,
R20,20,D,MSC,,0.5,0.5,
R21,21,D,MSC,,9.5,9.5,
R22,22,D,MSC,,9,9,
R23,23,D,MSC,,8,8,
R24,24,D,MSC,,26.5,26.5,
R25,25,D,MSC,,2,2,
R1,1,D,MSC,,1.5,1.5,
R1,1,D,TSC,,1,1,
R2,2,D,TSC,,0.5,0.5,
R3,3,D,TSC,,4,4,
R4,4,D,TSC,,2.5,2.5,
R5,5,D,TSC,<,0.5,0.125,
R6,6,D,TSC,<,0.5,0.125,
R7,7,D,TSC,,3,3,
R8,8,D,TSC,,1.5,1.5,
R9,9,D,TSC,<,0.5,0.125,
R10,10,D,TSC,,1,1,
R11,11,D,TSC,,3,3,
R12,12,D,TSC,,1,1,
R13,13,D,TSC,,6,6,
R14,14,D,TSC,,1,1,
R15,15,D,TSC,,4.5,4.5,
R16,16,D,TSC,,3.5,3.5,
R17,17,D,TSC,,3,3,
R18,18,D,TSC,,0.5,0.5,
R19,19,D,TSC,,18.5,18.5,
R20,20,D,TSC,,1,1,
R21,21,D,TSC,,8.5,8.5,
R22,22,D,TSC,,4,4,
R23,23,D,TSC,,2.5,2.5,
R24,24,D,TSC,,7.5,7.5,
R25,25,D,TSC,,1,1,
R26,26,D,TSC,,1,1,
R27,27,D,TSC,,2.5,2.5,
R28,28,D,TSC,,1.5,1.5,
R33,33,D,TSC,,4,4,
R44,44,D,TSC,,5,5,
R45,45,D,TSC,,2.5,2.5,
R26,26,D,TSC,,6.5,6.5,
R27,27,D,TSC,,2.5,2.5,
R28,28,D,TSC,,6.5,6.5,
R33,33,D,TSC,,5.5,5.5,
R44,44,D,TSC,,11.5,11.5,
R45,45,D,TSC,,2,2,
R46,46,D,TSC,,6.5,6.5,
R47,47,D,TSC,,4,4,
R48,48,D,TSC,,12.5,12.5,
R49,49,D,TSC,,7.5,7.5,
R51,51,D,TSC,,5,5,
R53,53,D,TSC,,7,7,
R56,56,D,TSC,,8.5,8.5,
R58,58,D,TSC,,8,8,
R59,59,D,TSC,,3.5,3.5,
R60,60,D,TSC,,8,8,
R61,61,D,TSC,,3.5,3.5,
R62,62,D,TSC,,27,27,
R63,63,D,TSC,,7.5,7.5,
R65,65,D,TSC,,3,3,
R66,66,D,TSC,,1,1,
R67,67,D,TSC,,1,1,
R68,68,D,TSC,,0.5,0.5,
R69,69,D,TSC,<,0.5,0.125,
R72,72,D,TSC,,11.5,11.5,
R73,73,D,MSC,,29,29,
R74,74,D,MSC,,25,25,
R75,75,D,MSC,,19,19,
R76,76,D,MSC,,5,5,
R77,77,D,MSC,,0.5,0.5,
R78,78,D,MSC,,9,9,SPREADER
R79,79,D,MSC,,47,47,
R80,80,D,MSC,,31,31,
R83,83,D,MSC,,19,19,
R84,84,D,MSC,,10,10,
R85,85,D,MSC,,24.5,24.5,SPREADER
R86,86,D,MSC,,18.5,18.5,
R87,87,D,MSC,,10.5,10.5,
R88,88,D,MSC,,1,1,
R89,89,D,MSC,,27,27,
R90,90,D,MSC,,12,12,
R101,101,D,MSC,,46.5,46.5,
R76,76,C,MSC,,0.5,0.5,
R73,73,D,TSC,,8,8,
R74,74,D,TSC,,8,8,SPREADER
R75,75,D,TSC,,13,13,
R76,76,D,TSC,<,0.5,0.125,
R77,77,D,TSC,,0.5,0.5,
R78,78,D,TSC,,18.5,18.5,
R79,79,D,TSC,,24.5,24.5,
R80,80,D,TSC,,13,13,
R83,83,D,TSC,,13,13,
R84,84,D,TSC,,10,10,
R85,85,D,TSC,,21,21,
R86,86,D,TSC,,18.5,18.5,
R87,87,D,TSC,,8,8,
R88,88,D,TSC,,0.5,0.5,
R89,89,D,TSC,,15,15,
R90,90,D,TSC,,6,6,
R101,101,D,TSC,,21.5,21.5,
R76,76,C,TSC,<,0.5,0.125,
R73,73,D,APC,,1190,1190,
R74,74,D,APC,,1170,1170,
R75,75,D,APC,,1460,1460,
R76,76,D,APC,,530,530,
R77,77,D,APC,,660,660,
R78,78,D,APC,,700,700,
R79,79,D,APC,,1720,1720,
R80,80,D,APC,,2410,2410,
R83,83,D,APC,,1170,1170,
R84,84,D,APC,,6790,6790,
R85,85,D,APC,,5220,5220,
R86,86,D,APC,,1070,1070,
R87,87,D,APC,,220,220,
R88,88,D,APC,,630,630,
R89,89,D,APC,,9780,9780,
R90,90,D,APC,,1760,1760,
R101,101,D,APC,,1020,1020,
R76,76,C,APC,,180,180,
R29,29,E,MSC,<,0.5,0.125,
R30,30,E,MSC,,8,8,
R31,31,E,MSC,<,0.5,0.125,
R32,32,E,MSC,<,0.5,0.125,
R33,33,E,MSC,,198,198,
R34,34,E,MSC,,26,26,
R35,35,E,MSC,,16.5,16.5,
R36,36,E,MSC,,6,6,
R37,37,E,MSC,,3,3,
R39,39,E,MSC,<,0.5,0.125,
R40,40,E,MSC,,2,2,
R42,42,E,MSC,,296,296,
R44,44,E,MSC,,13,13,
R45,45,E,MSC,,17,17,
R46,46,E,MSC,,46,46,
R47,47,E,MSC,,2.5,2.5,
R48,48,E,MSC,,13.5,13.5,
R49,49,E,MSC,,15,15,
R50,50,E,MSC,,2.5,2.5,
R53,53,E,MSC,,2,2,
R54,54,E,MSC,,3.5,3.5,
R55,55,E,MSC,,2,2,
R58,58,E,MSC,,24.5,24.5,
R59,59,E,MSC,,43,43,
R29,29,E,TSC,<,0.5,0.125,
R30,30,E,TSC,,4,4,
R31,31,E,TSC,,1,1,
R32,32,E,TSC,<,0.5,0.125,
R33,33,E,TSC,,2.5,2.5,
R34,34,E,TSC,,8,8,
R35,35,E,TSC,,6,6,
R36,36,E,TSC,,2.5,2.5,
R37,37,E,TSC,,4,4,
R38,38,E,TSC,,6.5,6.5,
R39,39,E,TSC,,9,9,
R40,40,E,TSC,,6,6,
R42,42,E,TSC,,31,31,
R44,44,E,TSC,,4.5,4.5,SPREADER
R45,45,E,TSC,,3,3,
R46,46,E,TSC,,11,11,
R47,47,E,TSC,,2,2,SPREADER
R48,48,E,TSC,,3,3,
R49,49,E,TSC,,3,3,
R50,50,E,TSC,<,0.5,0.125,
R53,53,E,TSC,,5.5,5.5,
R54,54,E,TSC,,0.5,0.5,
R55,55,E,TSC,,2.5,2.5,
R58,58,E,TSC,,10,10,
R59,59,E,TSC,,16.5,16.5,
R29,29,E,APC,,650,650,
R30,30,E,APC,,540,540,
R31,31,E,APC,,530,530,
R32,32,E,APC,,770,770,
R33,33,E,APC,,1550,1550,
R34,34,E,APC,,4340,4340,
R35,35,E,APC,,670,670,
R36,36,E,APC,,370,370,
R37,37,E,APC,,4100,4100,
R38,38,E,APC,,5840,5840,
R39,39,E,APC,,1100,1100,
R40,40,E,APC,,1350,1350,
R42,42,E,APC,,3970,3970,
R44,44,E,APC,,450,450,
R45,45,E,APC,,1880,1880,
R46,46,E,APC,,1440,1440,
R47,47,E,APC,,23700,23700,
R48,48,E,APC,,700,700,
R49,49,E,APC,,1590,1590,
R50,50,E,APC,,1590,1590,
R53,53,E,APC,,3330,3330,
R54,54,E,APC,,850,850,
R55,55,E,APC,,1420,1420,
R58,58,E,APC,,560,560,
R59,59,E,APC,,660,660,
R60,60,E,APC,,2990,2990,
R61,61,E,APC,,140,140,
R62,62,E,APC,,560,560,
R63,63,E,APC,,1310,1310,
R65,65,E,APC,,690,690,
R70,70,E,APC,,1180,1180,
R71,71,E,APC,,480,480,
R72,72,E,APC,,1560,1560,
R73,73,E,APC,,460,460,
R74,74,E,APC,,15200,15200,
R75,75,E,APC,,540,540,
R78,78,E,APC,,1100,1100,
R79,79,E,APC,,142000,142000,
R80,80,E,APC,,860,860,
R81,81,E,APC,,2420,2420,
R82,82,E,APC,,1430,1430,
R83,83,E,APC,,570,570,
R84,84,E,APC,,7260,7260,
R87,87,E,APC,,270,270,
R88,88,E,APC,,320,320,
R89,89,E,APC,,210000,210000,
R90,90,E,APC,,550,550,
R91,91,E,APC,,210,210,
R92,92,E,APC,,6750,6750,
R93,93,E,APC,,200,200,
R60,60,E,LPC,,5,5,
R61,61,E,LPC,<,5,1.25,
R62,62,E,LPC,,55,55,
R63,63,E,LPC,,10,10,
R65,65,E,LPC,<,5,1.25,
R70,70,E,LPC,<,5,1.25,
R71,71,E,LPC,,55,55,
R72,72,E,LPC,,100,100,
R73,73,E,LPC,,55,55,
R74,74,E,LPC,,240,240,
R75,75,E,LPC,,45,45,
R78,78,E,LPC,,300,300,
R79,79,E,LPC,,11880,11880,(X4) Estimated
R80,80,E,LPC,,105,105,
R81,81,E,LPC,,30,30,
R82,82,E,LPC,,20,20,
R83,83,E,LPC,,40,40,
R84,84,E,LPC,,205,205,
R87,87,E,LPC,,15,15,
R88,88,E,LPC,,25,25,
R89,89,E,LPC,,795,795,
R90,90,E,LPC,,70,70,
R91,91,E,LPC,,50,50,
R92,92,E,LPC,,115,115,
R93,93,E,LPC,<,5,1.25,
R60,60,E,MSC,,2,2,
R61,61,E,MSC,,6,6,
R62,62,E,MSC,,19,19,
R63,63,E,MSC,,2.5,2.5,
R65,65,E,MSC,,0.5,0.5,
R70,70,E,MSC,,1,1,
R71,71,E,MSC,,7,7,
R72,72,E,MSC,,6.5,6.5,
R73,73,E,MSC,,8.5,8.5,
R74,74,E,MSC,,10,10,
R75,75,E,MSC,,20.5,20.5,
R78,78,E,MSC,,8.5,8.5,
R79,79,E,MSC,,10.5,10.5,
R80,80,E,MSC,,3,3,
R81,81,E,MSC,,35,35,
R82,82,E,MSC,,4.5,4.5,
R83,83,E,MSC,,10,10,
R84,84,E,MSC,,18.5,18.5,
R87,87,E,MSC,,4.5,4.5,
R88,88,E,MSC,,1.5,1.5,
R89,89,E,MSC,,5,5,
R90,90,E,MSC,,12,12,
R91,91,E,MSC,,15,15,
R92,92,E,MSC,,20,20,
R93,93,E,MSC,,7.5,7.5,
R60,60,E,TSC,,4.5,4.5,
R61,61,E,TSC,,2,2,
R62,62,E,TSC,,4,4,
R63,63,E,TSC,,2.5,2.5,
R65,65,E,TSC,<,0.5,0.125,
R70,70,E,TSC,<,0.5,0.125,
R71,71,E,TSC,,5.5,5.5,
R72,72,E,TSC,,3.5,3.5,
R73,73,E,TSC,,4.5,4.5,
R74,74,E,TSC,,4.5,4.5,
R75,75,E,TSC,,7.5,7.5,
R78,78,E,TSC,,16.5,16.5,
R79,79,E,TSC,,8,8,
R80,80,E,TSC,,2.5,2.5,
R81,81,E,TSC,,12.5,12.5,
R82,82,E,TSC,,2.5,2.5,
R83,83,E,TSC,,3.5,3.5,
R84,84,E,TSC,,6,6,
R87,87,E,TSC,,3.5,3.5,
R88,88,E,TSC,,3,3,
R89,89,E,TSC,,1.5,1.5,
R90,90,E,TSC,,16,16,
R91,91,E,TSC,,7.5,7.5,
R92,92,E,TSC,,13,13,
R93,93,E,TSC,,7.5,7.5,
R56,56,E,APC,,710,710,
R67,67,E,APC,,4850,4850,
R68,68,E,APC,,1920,1920,
R69,69,E,APC,,670,670,
R76,76,E,APC,,460,460,
R77,77,E,APC,,7610,7610,
R85,85,E,APC,,3240,3240,
R86,86,E,APC,,1710,1710,
R94,94,E,APC,,1440,1440,
R95,95,E,APC,,1520,1520,
R96,96,E,APC,,1560,1560,
R97,97,E,APC,,1580,1580,
R98,98,E,APC,,4840,4840,
R99,99,E,APC,,8190,8190,
R100,100,E,APC,,44400,44400,
R101,101,E,APC,,560,560,
R102,102,E,APC,,102000,102000,
R29,29,F,APC,,920,920,
R30,30,F,APC,,1020,1020,
R31,31,F,APC,,410,410,
R32,32,F,APC,,2380,2380,
R34,34,F,APC,,6030,6030,
R35,35,F,APC,,980,980,
R36,36,F,APC,,600,600,
R37,37,F,APC,,25000,25000,
R56,56,E,MSC,,12.5,12.5,
R67,67,E,MSC,,7.5,7.5,
R68,68,E,MSC,,2,2,
R69,69,E,MSC,,0.5,0.5,
R76,76,E,MSC,,0.5,0.5,
R77,77,E,MSC,,4.5,4.5,
R85,85,E,MSC,,11,11,
R86,86,E,MSC,,11,11,
R94,94,E,MSC,,2.5,2.5,
R95,95,E,MSC,,45.5,45.5,
R96,96,E,MSC,,29.5,29.5,
R97,97,E,MSC,,5.5,5.5,
R31,31,F,MSC,<,0.5,0.125,
R32,32,F,MSC,,40,40,
R35,35,F,MSC,<,0.5,0.125,
R37,37,F,MSC,,1.5,1.5,
R56,56,E,LPC,<,5,1.25,
R68,68,E,LPC,<,5,1.25,
R69,69,E,LPC,<,5,1.25,
R76,76,E,LPC,<,5,1.25,
R77,77,E,LPC,<,5,1.25,
R85,85,E,LPC,<,5,1.25,
R86,86,E,LPC,<,5,1.25,
R94,94,E,LPC,<,5,1.25,
R95,95,E,LPC,<,5,1.25,
R96,96,E,LPC,<,5,1.25,
R97,97,E,LPC,<,5,1.25,
R98,98,E,LPC,<,5,1.25,
R100,100,E,LPC,<,5,1.25,
R99,99,E,LPC,<,5,1.25,
R101,101,E,LPC,<,5,1.25,
R102,102,E,LPC,<,5,1.25,
R56,56,E,TSC,,18.5,18.5,
R67,67,E,TSC,,17,17,
R68,68,E,TSC,<,0.5,0.125,
R69,69,E,TSC,<,0.5,0.125,
R76,76,E,TSC,<,0.5,0.125,
R77,77,E,TSC,,3,3,
R86,86,E,TSC,,10,10,Estimated
R94,94,E,TSC,,5,5,Estimated
R95,95,E,TSC,,8.5,8.5,
R96,96,E,TSC,,14.5,14.5,
R97,97,E,TSC,,1.5,1.5,
R98,98,E,TSC,,2,2,
R99,99,E,TSC,<,0.5,0.125,
R100,100,E,TSC,<,0.5,0.125,
R101,101,E,TSC,,1,1,
R29,29,F,TSC,<,0.5,0.125,
R30,30,F,TSC,,1.5,1.5,
R31,31,F,TSC,,4.5,4.5,
R32,32,F,TSC,,2,2,
R34,34,F,TSC,,7.5,7.5,
R35,35,F,TSC,,6,6,
R37,37,F,TSC,<,0.5,0.125,
R1,1,E,LPC,,5,5,
R2,2,E,LPC,,65,65,
R3,3,E,LPC,,65,65,
R4,4,E,LPC,<,5,1.25,
R5,5,E,LPC,,65,65,
R6,6,E,LPC,,40,40,
R7,7,E,LPC,,35,35,
R8,8,E,LPC,,10,10,
R9,9,E,LPC,,5,5,
R10,10,E,LPC,<,5,1.25,
R11,11,E,LPC,,150,150,
R12,12,E,LPC,,95,95,
R13,13,E,LPC,,75,75,
R14,14,E,LPC,,10,10,
R15,15,E,LPC,,195,195,
R16,16,E,LPC,<,5,1.25,
R17,17,E,LPC,,5,5,
R18,18,E,LPC,,70,70,
R19,19,E,LPC,,225,225,
R20,20,E,LPC,,355,355,
R21,21,E,LPC,,30,30,
R22,22,E,LPC,,210,210,
R23,23,E,LPC,,30,30,
R24,24,E,LPC,,65,65,
R25,25,E,LPC,,25,25,
R1,1,E,MSC,,10,10,
R2,2,E,MSC,,5,5,
R3,3,E,MSC,,60,60,
R4,4,E,MSC,,10,10,
R5,5,E,MSC,,45,45,
R6,6,E,MSC,,45,45,
R7,7,E,MSC,,35,35,
R8,8,E,MSC,,160,160,
R9,9,E,MSC,,55,55,
R10,10,E,MSC,,10,10,
R11,11,E,MSC,,565,565,
R12,12,E,MSC,,20,20,
R13,13,E,MSC,,250,250,
R14,14,E,MSC,,20,20,
R15,15,E,MSC,,195,195,
R16,16,E,MSC,,10,10,
R17,17,E,MSC,,55,55,
R18,18,E,MSC,,15,15,
R19,19,E,MSC,,925,925,
R20,20,E,MSC,,35,35,
R21,21,E,MSC,,50,50,
R22,22,E,MSC,,90,90,
R23,23,E,MSC,,20,20,
R24,24,E,MSC,,130,130,
R25,25,E,MSC,,40,40,
R1,1,E,TSC,,0.5,0.5,
R2,2,E,TSC,<,0.5,0.125,
R3,3,E,TSC,,15.5,15.5,
R4,4,E,TSC,<,0.5,0.125,
R5,5,E,TSC,,1,1,
R6,6,E,TSC,,4.5,4.5,
R7,7,E,TSC,,1,1,
R8,8,E,TSC,,10,10,
R9,9,E,TSC,,6.5,6.5,
R10,10,E,TSC,<,0.5,0.125,
R11,11,E,TSC,,22,22,
R12,12,E,TSC,,1.5,1.5,
R13,13,E,TSC,,2.5,2.5,
R14,14,E,TSC,<,0.5,0.125,
R15,15,E,TSC,,5.5,5.5,
R16,16,E,TSC,,1.5,1.5,
R17,17,E,TSC,,1,1,
R18,18,E,TSC,,3.5,3.5,
R19,19,E,TSC,,31,31,
R20,20,E,TSC,,7,7,
R21,21,E,TSC,,4.5,4.5,
R22,22,E,TSC,,6,6,
R23,23,E,TSC,,5.5,5.5,
R24,24,E,TSC,,5.5,5.5,
R25,25,E,TSC,,3,3,
R31,31,F,MSC,<,0.5,0.125,
R32,32,F,MSC,,40,40,
R35,35,F,MSC,<,0.5,0.125,
R37,37,F,MSC,,1.5,1.5,
R38,38,F,MSC,,2.5,2.5,
R39,39,F,MSC,,0.5,0.5,
R40,40,F,MSC,,21.5,21.5,
R42,42,F,MSC,,111,111,
R46,46,F,MSC,,13.5,13.5,
R47,47,F,MSC,,17,17,
R48,48,F,MSC,,47.5,47.5,
R49,49,F,MSC,,4.5,4.5,
R53,53,F,MSC,,4,4,
R54,54,F,MSC,,154,154,
R71,71,F,MSC,,9.5,9.5,
R73,73,F,MSC,,13,13,
R74,74,F,MSC,,22,22,
R75,75,F,MSC,,10,10,
R91,91,F,MSC,,34,34,
R92,92,F,MSC,,18,18,
R93,93,F,MSC,,17.5,17.5,
R94,94,F,MSC,,3.5,3.5,
R95,95,F,MSC,,79.5,79.5,
R96,96,F,MSC,,2,2,
R97,97,F,MSC,,8.5,8.5,
R98,98,F,MSC,,13.5,13.5,
R99,99,F,MSC,,93,93,
R100,100,F,MSC,,86,86,
R38,38,F,TSC,,5,5,
R39,39,F,TSC,,4.5,4.5,
R40,40,F,TSC,,5.5,5.5,
R42,42,F,TSC,,51,51,
R46,46,F,TSC,,15.5,15.5,
R47,47,F,TSC,,21.5,21.5,
R48,48,F,TSC,,28,28,
R49,49,F,TSC,,8,8,
R53,53,F,TSC,,0.5,0.5,
R54,54,F,TSC,,10.5,10.5,
R71,71,F,TSC,,6.5,6.5,
R73,73,F,TSC,,7.5,7.5,
R74,74,F,TSC,,5,5,
R75,75,F,TSC,,0.5,0.5,
R91,91,F,TSC,,10.5,10.5,
R92,92,F,TSC,,13.5,13.5,
R93,93,F,TSC,,16,16,
R94,94,F,TSC,,3.5,3.5,
R95,95,F,TSC,,40.5,40.5,
R96,96,F,TSC,,0.5,0.5,
R97,97,F,TSC,,9,9,
R98,98,F,TSC,,3.5,3.5,
R99,99,F,TSC,,23.5,23.5,
R100,100,F,TSC,,12.5,12.5,
R38,38,F,APC,,50500,50500,
R39,39,F,APC,,750,750,
R40,40,F,APC,,1020,1020,
R42,42,F,APC,,2580,2580,
R46,46,F,APC,,2320,2320,
R47,47,F,APC,,12200,12200,
R48,48,F,APC,,180,180,
R49,49,F,APC,,290,290,
R53,53,F,APC,,3420,3420,
R54,54,F,APC,,1280,1280,
R71,71,F,APC,,1370,1370,
R73,73,F,APC,,3340,3340,
R74,74,F,APC,,670,670,
R75,75,F,APC,,540,540,
R91,91,F,APC,,1430,1430,
R92,92,F,APC,,470,470,
R93,93,F,APC,,500,500,
R94,94,F,APC,,2640,2640,
R95,95,F,APC,,1200,1200,
R96,96,F,APC,,690,690,
R97,97,F,APC,,830,830,
R98,98,F,APC,,880,880,
R99,99,F,APC,,2060,2060,
R100,100,F,APC,,2420,2420,
R26,26,E,LPC,,35,35,
R27,27,E,LPC,,65,65,
R28,28,E,LPC,,35,35,
R26,26,E,MSC,,3,3,
R27,27,E,MSC,,9.5,9.5,
R28,28,E,MSC,,3.5,3.5,
R1,1,F,MSC,,2,2,
R2,2,F,MSC,<,0.5,0.125,
R3,3,F,MSC,,7,7,
R4,4,F,MSC,,6.5,6.5,
R5,5,F,MSC,,8,8,SPREADER
R6,6,F,MSC,,7.5,7.5,
R7,7,F,MSC,<,0.5,0.125,
R8,8,F,MSC,,20.5,20.5,
R9,9,F,MSC,,8,8,
R10,10,F,MSC,,33,33,
R11,11,F,MSC,,15,15,
R12,12,F,MSC,,3.5,3.5,
R13,13,F,MSC,,1,1,
R14,14,F,MSC,,2.5,2.5,
R15,15,F,MSC,,22,22,
R16,16,F,MSC,,7.5,7.5,
R17,17,F,MSC,,5,5,
R18,18,F,MSC,,6.5,6.5,
R19,19,F,MSC,,12,12,
R20,20,F,MSC,,1,1,
R21,21,F,MSC,,4.5,4.5,
R22,22,F,MSC,,10,10,
R26,26,E,TSC,,2,2,
R27,27,E,TSC,,0.5,0.5,
R28,28,E,TSC,<,0.5,0.125,
R1,1,F,TSC,,1,1,
R2,2,F,TSC,,0.5,0.5,
R3,3,F,TSC,,9,9,
R4,4,F,TSC,,1.5,1.5,
R5,5,F,TSC,,7,7,
R6,6,F,TSC,,5.5,5.5,
R7,7,F,TSC,<,0.5,0.125,
R8,8,F,TSC,,4,4,
R9,9,F,TSC,,7,7,
R10,10,F,TSC,,1,1,
R11,11,F,TSC,,4.5,4.5,
R12,12,F,TSC,,0.5,0.5,
R13,13,F,TSC,<,0.5,0.125,
R14,14,F,TSC,,0.5,0.5,
R15,15,F,TSC,,9.5,9.5,
R16,16,F,TSC,,4,4,
R17,17,F,TSC,,3.5,3.5,
R18,18,F,TSC,,8,8,
R19,19,F,TSC,,9,9,
R20,20,F,TSC,,2,2,
R21,21,F,TSC,<,0.5,0.125,
R22,22,F,TSC,,8.5,8.5,
R66,66,E,MSC,,0.525,0.525,
R23,23,F,MSC,,2.63,2.63,
R24,24,F,MSC,,39.9,39.9,
R25,25,F,MSC,,1.58,1.58,
R26,26,F,MSC,<,0.5,0.125,
R27,27,F,MSC,,3.67,3.67,
R28,28,F,MSC,,2.1,2.1,
R33,33,F,MSC,,5.5,5.5,SPREADER
R44,44,F,MSC,,10,10,
R45,45,F,MSC,,10.5,10.5,
R50,50,F,MSC,<,0.5,0.125,
R56,56,F,MSC,,3.5,3.5,
R58,58,F,MSC,,5.5,5.5,
R59,59,F,MSC,,8.5,8.5,
R60,60,F,MSC,,14.5,14.5,
R61,61,F,MSC,,0.5,0.5,
R62,62,F,MSC,,34.5,34.5,
R63,63,F,MSC,,1,1,
R65,65,F,MSC,,3.5,3.5,
R66,66,F,MSC,,0.5,0.5,
R67,67,F,MSC,,5.5,5.5,
R69,69,F,MSC,<,0.5,0.125,
R70,70,F,MSC,<,0.5,0.125,
R76,76,F,MSC,<,0.5,0.125,
R77,77,F,MSC,,4.5,4.5,
R66,66,E,TSC,,0.5,0.5,
R23,23,F,TSC,,0.5,0.5,
R24,24,F,TSC,,18.5,18.5,
R25,25,F,TSC,<,0.5,0.125,
R26,26,F,TSC,<,0.5,0.125,
R27,27,F,TSC,,1.5,1.5,
R28,28,F,TSC,<,0.5,0.125,
R33,33,F,TSC,,5.5,5.5,
R44,44,F,TSC,,11,11,
R45,45,F,TSC,,7.5,7.5,
R50,50,F,TSC,<,0.5,0.125,
R56,56,F,TSC,,11.5,11.5,
R58,58,F,TSC,,8.5,8.5,
R59,59,F,TSC,,11.5,11.5,
R60,60,F,TSC,,7.5,7.5,
R61,61,F,TSC,,1,1,
R62,62,F,TSC,,14,14,
R63,63,F,TSC,,0.5,0.5,
R65,65,F,TSC,,1,1,
R66,66,F,TSC,<,0.5,0.125,
R67,67,F,TSC,,4.5,4.5,
R69,69,F,TSC,<,0.5,0.125,
R70,70,F,TSC,<,0.5,0.125,
R76,76,F,TSC,<,0.5,0.125,
R77,77,F,TSC,,1,1,
R79,79,F,MSC,,22,22,
R80,80,F,MSC,,22,22,
R81,81,F,MSC,,24.5,24.5,
R81,81,F,MSC,,24.5,24.5,
R82,82,F,MSC,,9,9,
R82,82,F,MSC,,9,9,
R83,83,F,MSC,,12.5,12.5,
R83,83,F,MSC,,12.5,12.5,
R84,84,F,MSC,,3,3,
R84,84,F,MSC,,3,3,
R85,85,F,MSC,,13,13,
R85,85,F,MSC,,13,13,
R86,86,F,MSC,,14.5,14.5,
R86,86,F,MSC,,14.5,14.5,
R87,87,F,MSC,,20,20,
R87,87,F,MSC,,20,20,
R88,88,F,MSC,,17,17,
R88,88,F,MSC,,17,17,
R89,89,F,MSC,,6.5,6.5,
R89,89,F,MSC,,6.5,6.5,
R90,90,F,MSC,,1.5,1.5,
R90,90,F,MSC,,1.5,1.5,
R101,101,F,MSC,,38.5,38.5,
R101,101,F,MSC,,38.5,38.5,
R71,71,G,MSC,,7.5,7.5,
R71,71,G,MSC,,7.5,7.5,
R72,72,G,MSC,,14.5,14.5,
R72,72,G,MSC,,14.5,14.5,
R73,73,G,MSC,,16.5,16.5,
R73,73,G,MSC,,16.5,16.5,
R74,74,G,MSC,,26,26,
R74,74,G,MSC,,26,26,
R75,75,G,MSC,,8.5,8.5,
R75,75,G,MSC,,8.5,8.5,
R91,91,G,MSC`,,17,17,
R91,91,G,MSC`,,17,17,
R91,91,G,MSC`,,17,17,
R92,92,G,MSC,,10.5,10.5,
R92,92,G,MSC,,10.5,10.5,
R93,93,G,MSC,,19,19,
R93,93,G,MSC,,19,19,
R94,94,G,MSC,,41.5,41.5,
R94,94,G,MSC,,41.5,41.5,
R95,95,G,MSC,,62,62,
R95,95,G,MSC,,62,62,
R96,96,G,MSC,,13.5,13.5,
R96,96,G,MSC,,13.5,13.5,
R79,79,F,TSC,,8.5,8.5,
R80,80,F,TSC,,14.5,14.5,
R81,81,F,TSC,,11.5,11.5,
R81,81,F,TSC,,11.5,11.5,
R82,82,F,TSC,,4,4,
R82,82,F,TSC,,4,4,
R83,83,F,TSC,,10,10,
R83,83,F,TSC,,10,10,
R84,84,F,TSC,,0.5,0.5,
R84,84,F,TSC,,0.5,0.5,
R85,85,F,TSC,,6,6,
R85,85,F,TSC,,6,6,
R86,86,F,TSC,,5.5,5.5,
R86,86,F,TSC,,5.5,5.5,
R87,87,F,TSC,,14.5,14.5,
R87,87,F,TSC,,14.5,14.5,
R88,88,F,TSC,,0.5,0.5,
R88,88,F,TSC,,0.5,0.5,
R89,89,F,TSC,,1,1,
R89,89,F,TSC,,1,1,
R90,90,F,TSC,,2,2,
R90,90,F,TSC,,2,2,
R101,101,F,TSC,,21.5,21.5,
R101,101,F,TSC,,21.5,21.5,
R70,70,G,TSC,,2,2,
R70,70,G,TSC,,2,2,
R71,71,G,TSC,,4,4,
R71,71,G,TSC,,4,4,
R72,72,G,TSC,,3,3,
R72,72,G,TSC,,3,3,
R73,73,G,TSC,,5,5,
R73,73,G,TSC,,5,5,
R74,74,G,TSC,,4.5,4.5,
R74,74,G,TSC,,4.5,4.5,
R75,75,G,TSC,,4,4,
R75,75,G,TSC,,4,4,
R91,91,G,TSC,,9,9,
R91,91,G,TSC,,9,9,
R91,91,G,TSC,,9,9,
R92,92,G,TSC,,8.5,8.5,
R92,92,G,TSC,,8.5,8.5,
R93,93,G,TSC,,9.5,9.5,
R93,93,G,TSC,,9.5,9.5,
R94,94,G,TSC,,13.5,13.5,
R94,94,G,TSC,,13.5,13.5,
R95,95,G,TSC,,32.5,32.5,
R95,95,G,TSC,,32.5,32.5,
R96,96,G,TSC,,7,7,
R96,96,G,TSC,,7,7,
R79,79,G,MSC,,83,83,
R80,80,G,MSC,,14.5,14.5,
R81,81,G,MSC,,20.5,20.5,
R82,82,G,MSC,,7,7,
R83,83,G,MSC,,7,7,
R84,84,G,MSC,,2,2,
R87,87,G,MSC,,29,29,
R88,88,G,MSC,,3,3,
R89,89,G,MSC,,6,6,
R90,90,G,MSC,,1.5,1.5,
R97,97,G,MSC,,7.5,7.5,
R98,98,G,MSC,,4.5,4.5,
R99,99,G,MSC,,6.5,6.5,
R79,79,G,TSC,,32,32,
R80,80,G,TSC,,11,11,
R81,81,G,TSC,,19.5,19.5,
R82,82,G,TSC,<,0.5,0.125,
R83,83,G,TSC,,5,5,
R84,84,G,TSC,,0.5,0.5,
R87,87,G,TSC,,3.5,3.5,
R88,88,G,TSC,,1,1,
R89,89,G,TSC,,5.5,5.5,
R90,90,G,TSC,,1,1,
R97,97,G,TSC,,12,12,
R98,98,G,TSC,<,0.5,0.125,
R99,99,G,TSC,,14.5,14.5,
R92,92,H,MSC,,16,16,
R93,93,H,MSC,,8,8,
R95,95,H,MSC,,34.5,34.5,
R96,96,H,MSC,,81.5,81.5,
R98,98,H,MSC,<,0.5,0.125,
R99,99,H,MSC,,42.5,42.5,
R92,92,H,TSC,,5.5,5.5,
R93,93,H,TSC,,4.5,4.5,
R95,95,H,TSC,,11.5,11.5,
R96,96,H,TSC,,30,30,SPREAD
R98,98,H,TSC,,5.5,5.5,
R99,99,H,TSC,,29.5,29.5,
R1,1,A,PSC,,0.3,0.3,
R2,2,A,PSC,,1060,1060,
R3,3,A,PSC,,0.4,0.4,
R4,4,A,PSC,,0.8,0.8,
R5,5,A,PSC,,1240,1240,
R6,6,A,PSC,,0.2,0.2,
R7,7,A,PSC,,0.2,0.2,
R8,8,A,PSC,,0.9,0.9,
R9,9,A,PSC,,0.9,0.9,
R10,10,A,PSC,<,0.1,0.025,
R11,11,A,PSC,,8.3,8.3,
R12,12,A,PSC,,3,3,
R13,13,A,PSC,,0.4,0.4,
R14,14,A,PSC,<,0.1,0.025,
R15,15,A,PSC,,0.1,0.1,
R16,16,A,PSC,,1,1,
R17,17,A,PSC,<,0.1,0.025,
R18,18,A,PSC,<,0.1,0.025,
R19,19,A,PSC,<,0.1,0.025,
R20,20,A,PSC,<,0.1,0.025,
R21,21,A,PSC,<,0.1,0.025,
R22,22,A,PSC,<,0.1,0.025,
R23,23,A,PSC,,0.4,0.4,
R24,24,A,PSC,,0.3,0.3,
R25,25,A,PSC,<,0.1,0.025,
R26,26,A,PSC,<,0.1,0.025,
R27,27,A,PSC,<,0.1,0.025,
R28,28,A,PSC,<,0.1,0.025,
R29,29,A,PSC,,0.1,0.1,
R30,30,A,PSC,<,0.1,0.025,
R31,31,A,PSC,<,0.1,0.025,
R32,32,A,PSC,,0.7,0.7,
R33,33,A,PSC,<,0.1,0.025,
R34,34,A,PSC,<,0.1,0.025,
R35,35,A,PSC,<,0.1,0.025,
R36,36,A,PSC,,0.3,0.3,
R37,37,A,PSC,<,0.1,0.025,
R38,38,A,PSC,,0.1,0.1,
R39,39,A,PSC,<,0.1,0.025,
R40,40,A,PSC,<,0.1,0.025,
R41,41,A,PSC,<,0.1,0.025,
R42,42,A,PSC,,0.4,0.4,
R43,43,A,PSC,<,0.1,0.025,
R44,44,A,PSC,<,0.1,0.025,
R45,45,A,PSC,<,0.1,0.025,
R46,46,A,PSC,,0.1,0.1,
R47,47,A,PSC,,0.2,0.2,
R48,48,A,PSC,<,0.1,0.025,
R49,49,A,PSC,,0.1,0.1,
R50,50,A,PSC,<,0.1,0.025,
R51,51,A,PSC,,0.1,0.1,
R52,52,A,PSC,<,0.1,0.025,
R53,53,A,PSC,,0.1,0.1,
R54,54,A,PSC,<,0.1,0.025,
R55,55,A,PSC,<,0.1,0.025,
R56,56,A,PSC,<,0.1,0.025,
R57,57,A,PSC,,0.1,0.1,
R58,58,A,PSC,<,0.1,0.025,
R59,59,A,PSC,<,0.1,0.025,
R60,60,A,PSC,,0.1,0.1,
R61,61,A,PSC,,0.6,0.6,
R62,62,A,PSC,,0.1,0.1,
R63,63,A,PSC,<,0.1,0.025,
R64,64,A,PSC,<,0.1,0.025,
R65,65,A,PSC,<,0.1,0.025,
R66,66,A,PSC,<,0.1,0.025,
R67,67,A,PSC,,0.1,0.1,
R68,68,A,PSC,,0.6,0.6,
R69,69,A,PSC,<,0.1,0.025,
R70,70,B,PSC,,0.2,0.2,
R71,71,B,PSC,<,0.1,0.025,
R72,72,B,PSC,<,0.1,0.025,
R73,73,B,PSC,,0.3,0.3,
R74,74,B,PSC,,0.2,0.2,
R75,75,B,PSC,,0.1,0.1,
R29,29,B,PSC,<,0.1,0.025,
R30,30,B,PSC,,0.1,0.1,
R31,31,B,PSC,<,0.1,0.025,
R32,32,B,PSC,,0.9,0.9,
R33,33,B,PSC,<,0.1,0.025,
R34,34,B,PSC,,0.945,0.945,
R35,35,B,PSC,<,0.1,0.025,
R37,37,B,PSC,<,0.1,0.025,
R38,38,B,PSC,<,0.1,0.025,
R42,42,B,PSC,<,0.1,0.025,
R53,53,B,PSC,<,0.1,0.025,
R54,54,B,PSC,<,0.1,0.025,
R36,36,B,PSC,,0.1,0.1,
R51,51,B,PSC,,0.1,0.1,
R76,76,B,PSC,<,0.1,0.025,
R77,77,B,PSC,<,0.1,0.025,
R1,1,B,PSC,<,0.1,0.025,
R2,2,B,PSC,<,0.1,0.025,
R3,3,B,PSC,<,0.1,0.025,
R4,4,B,PSC,<,0.1,0.025,
R5,5,B,PSC,<,0.1,0.025,
R6,6,B,PSC,,2.1,2.1,
R7,7,B,PSC,,3.15,3.15,
R8,8,B,PSC,<,0.1,0.025,
R9,9,B,PSC,<,0.1,0.025,
R10,10,B,PSC,<,0.1,0.025,
R11,11,B,PSC,<,0.1,0.025,
R12,12,B,PSC,<,0.1,0.025,
R13,13,B,PSC,<,0.1,0.025,
R39,39,B,PSC,<,0.1,0.025,
R40,40,B,PSC,<,0.1,0.025,
R41,41,B,PSC,,0.2,0.2,
R44,44,B,PSC,<,0.1,0.025,
R45,45,B,PSC,<,0.1,0.025,
R46,46,B,PSC,,0.1,0.1,
R47,47,B,PSC,<,0.1,0.025,
R48,48,B,PSC,<,0.1,0.025,
R49,49,B,PSC,<,0.1,0.025,
R78,78,B,PSC,<,0.1,0.025,
R79,79,B,PSC,,0.4,0.4,
R80,80,B,PSC,<,0.1,0.025,
R14,14,B,PSC,<,0.1,0.025,
R15,15,B,PSC,<,0.1,0.025,
R16,16,B,PSC,,0.1,0.1,
R17,17,B,PSC,<,0.1,0.025,
R18,18,B,PSC,<,0.1,0.025,
R19,19,B,PSC,<,0.1,0.025,
R20,20,B,PSC,<,0.1,0.025,
R21,21,B,PSC,,0.1,0.1,
R22,22,B,PSC,<,0.1,0.025,
R23,23,B,PSC,<,0.1,0.025,
R24,24,B,PSC,<,0.1,0.025,
R25,25,B,PSC,<,0.1,0.025,
R26,26,B,PSC,<,0.1,0.025,
R27,27,B,PSC,,0.1,0.1,
R28,28,B,PSC,<,0.1,0.025,
R50,50,B,PSC,<,0.1,0.025,
R55,55,B,PSC,<,0.1,0.025,
R58,58,B,PSC,<,0.1,0.025,
R59,59,B,PSC,<,0.1,0.025,
R60,60,B,PSC,,0.3,0.3,
R61,61,B,PSC,<,0.1,0.025,
R62,62,B,PSC,,0.1,0.1,
R63,63,B,PSC,<,0.1,0.025,
R65,65,B,PSC,<,0.1,0.025,
R66,66,B,PSC,<,0.1,0.025,
R86,86,A,PSC,<,0.1,0.025,
R68,68,B,PSC,<,0.1,0.025,
R69,69,B,PSC,<,0.1,0.025,
R81,81,B,PSC,,0.1,0.1,
R82,82,B,PSC,<,0.1,0.025,
R83,83,B,PSC,<,0.1,0.025,
R84,84,B,PSC,,0.6,0.6,
R85,85,B,PSC,<,0.1,0.025,
R86,86,B,PSC,<,0.1,0.025,
R87,87,B,PSC,,0.2,0.2,
R86,86,B,PSC,<,0.1,0.025,
R89,89,B,PSC,,0.3,0.3,
R90,90,B,PSC,<,0.1,0.025,
R29,29,C,PSC,<,0.1,0.025,
R30,30,C,PSC,,0.6,0.6,
R31,31,C,PSC,<,0.1,0.025,
R32,32,C,PSC,<,0.1,0.025,
R35,35,C,PSC,<,0.1,0.025,
R36,36,C,PSC,<,0.1,0.025,
R37,37,C,PSC,<,0.1,0.025,
R38,38,C,PSC,,4.7,4.7,
R42,42,C,PSC,,0.2,0.2,
R54,54,C,PSC,<,0.1,0.025,
R70,70,C,PSC,<,0.1,0.025,
R71,71,C,PSC,<,0.1,0.025,
R22,22,C,PSC,<,0.1,0.025,
R23,23,C,PSC,<,0.1,0.025,
R24,24,C,PSC,<,0.1,0.025,
R25,25,C,PSC,<,0.1,0.025,
R26,26,C,PSC,<,0.1,0.025,
R27,27,C,PSC,<,0.1,0.025,
R28,28,C,PSC,<,0.1,0.025,
R34,34,C,PSC,,0.2,0.2,
R40,40,C,PSC,<,0.1,0.025,
R41,41,C,PSC,<,0.1,0.025,
R51,51,C,PSC,<,0.1,0.025,
R72,72,C,PSC,<,0.1,0.025,
R73,73,C,PSC,,0.2,0.2,
R74,74,C,PSC,<,0.1,0.025,
R75,75,C,PSC,<,0.1,0.025,
R91,91,C,PSC,<,0.1,0.025,
R92,92,C,PSC,<,0.1,0.025,
R93,93,C,PSC,<,0.1,0.025,
R94,94,C,PSC,<,0.1,0.025,
R95,95,C,PSC,,0.1,0.1,
R96,96,C,PSC,<,0.1,0.025,
R97,97,C,PSC,,0.1,0.1,
R98,98,C,PSC,<,0.1,0.025,
R99,99,C,PSC,<,0.1,0.025,
R100,100,C,PSC,<,0.1,0.025,
R1,1,C,PSC,<,0.1,0.025,
R2,2,C,PSC,<,0.1,0.025,
R3,3,C,PSC,<,0.1,0.025,
R4,4,C,PSC,,2.1,2.1,
R5,5,C,PSC,<,0.1,0.025,
R6,6,C,PSC,,0.1,0.1,
R7,7,C,PSC,<,0.1,0.025,
R8,8,C,PSC,<,0.1,0.025,
R9,9,C,PSC,<,0.1,0.025,
R10,10,C,PSC,<,0.1,0.025,
R11,11,C,PSC,<,0.1,0.025,
R12,12,C,PSC,<,0.1,0.025,
R13,13,C,PSC,,0.2,0.2,
R14,14,C,PSC,<,0.1,0.025,
R15,15,C,PSC,<,0.1,0.025,
R16,16,C,PSC,<,0.1,0.025,
R17,17,C,PSC,<,0.1,0.025,
R18,18,C,PSC,<,0.1,0.025,
R19,19,C,PSC,<,0.1,0.025,
R20,20,C,PSC,<,0.1,0.025,
R21,21,C,PSC,<,0.1,0.025,
R33,33,C,PSC,,0.2,0.2,
R39,39,C,PSC,<,0.1,0.025,
R52,52,C,PSC,,0.1,0.1,
R53,53,C,PSC,<,0.1,0.025,
R44,44,C,PSC,<,0.1,0.025,
R45,45,C,PSC,<,0.1,0.025,
R46,46,C,PSC,,0.3,0.3,
R47,47,C,PSC,<,0.1,0.025,
R48,48,C,PSC,<,0.1,0.025,
R49,49,C,PSC,<,0.1,0.025,
R50,50,C,PSC,<,0.1,0.025,
R57,57,C,PSC,<,0.1,0.025,
R58,58,C,PSC,<,0.1,0.025,
R59,59,C,PSC,<,0.1,0.025,
R60,60,C,PSC,,0.1,0.1,
R61,61,C,PSC,<,0.1,0.025,
R62,62,C,PSC,<,0.1,0.025,
R63,63,C,PSC,<,0.1,0.025,
R65,65,C,PSC,<,0.1,0.025,
R78,78,C,PSC,<,0.1,0.025,
R79,79,C,PSC,,0.4,0.4,
R80,80,C,PSC,<,0.1,0.025,
R81,81,C,PSC,<,0.1,0.025,
R82,82,C,PSC,<,0.1,0.025,
R83,83,C,PSC,,0.1,0.1,
R84,84,C,PSC,,0.2,0.2,
R87,87,C,PSC,<,0.1,0.025,
R88,88,C,PSC,<,0.1,0.025,
R89,89,C,PSC,,0.1,0.1,
R56,56,C,PSC,,4.2,4.2,
R67,67,C,PSC,,0.6,0.6,
R68,68,C,PSC,<,0.1,0.025,
R69,69,C,PSC,<,0.1,0.025,
R77,77,C,PSC,,0.6,0.6,
R85,85,C,PSC,<,0.1,0.025,
R86,86,C,PSC,,0.2,0.2,
R90,90,C,PSC,,0.1,0.1,
R101,101,C,PSC,,0.3,0.3,
R102,102,C,PSC,,0.3,0.3,
R76,76,C,PSC,<,0.1,0.025,
R26,26,D,APC,,,,lab error
R27,27,D,APC,,,,lab error
R28,28,D,APC,,,,lab error
R33,33,D,APC,,,,lab error
R44,44,D,APC,,,,lab error
R45,45,D,APC,,,,lab error
R46,46,D,APC,,,,lab error
R47,47,D,APC,,,,lab error
R48,48,D,APC,,,,lab error
R49,49,D,APC,,,,lab error
R51,51,D,APC,,,,lab error
R53,53,D,APC,,,,lab error
R56,56,D,APC,,,,lab error
R58,58,D,APC,,,,lab error
R59,59,D,APC,,,,lab error
R60,60,D,APC,,,,lab error
R61,61,D,APC,,,,lab error
R62,62,D,APC,,,,lab error
R63,63,D,APC,,,,lab error
R65,65,D,APC,,,,lab error
R66,66,D,APC,,,,lab error
R67,67,D,APC,,,,lab error
R68,68,D,APC,,,,lab error
R69,69,D,APC,,,,lab error
R72,72,D,APC,,,,lab error
R26,26,D,MSC,,,,lab error
R27,27,D,MSC,,,,lab error
R28,28,D,MSC,,,,lab error
R33,33,D,MSC,,,,lab error
R44,44,D,MSC,,,,lab error
R45,45,D,MSC,,,,lab error
R46,46,D,MSC,,,,lab error
R47,47,D,MSC,,,,lab error
R48,48,D,MSC,,,,lab error
R49,49,D,MSC,,,,lab error
R51,51,D,MSC,,,,lab error
R53,53,D,MSC,,,,lab error
R56,56,D,MSC,,,,lab error
R58,58,D,MSC,,,,lab error
R59,59,D,MSC,,,,lab error
R60,60,D,MSC,,,,lab error
R61,61,D,MSC,,,,lab error
R62,62,D,MSC,,,,lab error
R63,63,D,MSC,,,,lab error
R65,65,D,MSC,,,,lab error
R66,66,D,MSC,,,,lab error
R67,67,D,MSC,,,,lab error
R68,68,D,MSC,,,,lab error
R69,69,D,MSC,,,,lab error
R72,72,D,MSC,,,,lab error
R98,98,E,MSC,,,,lab error
R99,99,E,MSC,,,,lab error
R100,100,E,MSC,,,,lab error
R101,101,E,MSC,,,,lab error
R102,102,E,MSC,,,,lab error
R29,29,F,MSC,,,,lab error
R30,30,F,MSC,,,,lab error
R34,34,F,MSC,,,,lab error
R36,36,F,MSC,,,,lab error
R67,67,E,LPC,,,,lab error
R85,85,E,TSC,,,,lab error
R102,102,E,TSC,,,,lab error
R36,36,F,TSC,,,,lab error
R25,25,A,APC,,457.1239166,457.1239166,
R24,24,A,APC,,1163.854004,1163.854004,
R23,23,A,APC,,4250.274658,4250.274658,
R22,22,A,APC,,810.4797974,810.4797974,
R21,21,A,APC,,1066.167389,1066.167389,
R20,20,A,APC,,2422.658203,2422.658203,
R19,19,A,APC,,537.4541016,537.4541016,
R18,18,A,APC,,2219.376099,2219.376099,
R17,17,A,APC,,521.3747406,521.3747406,
R16,16,A,APC,,506.1368256,506.1368256,
R15,15,A,APC,,6760.337402,6760.337402,
R14,14,A,APC,,500.8233948,500.8233948,
R13,13,A,APC,,22672.60645,22672.60645,
R12,12,A,APC,,4361.128906,4361.128906,
R11,11,A,APC,,133.1107101,133.1107101,
R10,10,A,APC,,620,620,
R9,9,A,APC,,1986.762573,1986.762573,
R8,8,A,APC,,421.1241455,421.1241455,
R7,7,A,APC,,480,480,
R6,6,A,APC,,3870,3870,
R5,5,A,APC,,1086.164246,1086.164246,
R4,4,A,APC,,2827.038086,2827.038086,
R3,3,A,APC,,505.2396698,505.2396698,
R2,2,A,APC,,557.2268372,557.2268372,
R1,1,A,APC,,450.1531219,450.1531219,
R50,50,A,APC,,540,540,
R49,49,A,APC,,1190,1190,
R48,48,A,APC,,2010,2010,
R47,47,A,APC,,1530,1530,
R46,46,A,APC,,1060,1060,
R45,45,A,APC,,1280,1280,
R44,44,A,APC,,680,680,
R43,43,A,APC,,900,900,
R42,42,A,APC,,5461.014648,5461.014648,
R41,41,A,APC,,1260,1260,
R40,40,A,APC,,440,440,
R39,39,A,APC,,2260,2260,
R38,38,A,APC,,11738.86621,11738.86621,
R37,37,A,APC,,3130,3130,
R36,36,A,APC,,640,640,
R35,35,A,APC,,980,980,
R34,34,A,APC,,2700,2700,
R33,33,A,APC,,2070,2070,
R32,32,A,APC,,7106.093994,7106.093994,
R31,31,A,APC,,940,940,
R30,30,A,APC,,330,330,
R29,29,A,APC,,610,610,
R28,28,A,APC,,320,320,
R27,27,A,APC,,1170,1170,
R26,26,A,APC,,1080,1080,
R75,75,B,APC,,793.4083252,793.4083252,
R74,74,B,APC,,1156.569336,1156.569336,
R73,73,B,APC,,1262.824982,1262.824982,
R72,72,B,APC,,1564.416016,1564.416016,
R71,71,B,APC,,8954.172363,8954.172363,
R70,70,B,APC,,704.8629761,704.8629761,
R69,69,A,APC,,285.9608459,285.9608459,
R68,68,A,APC,,55512.41992,55512.41992,
R67,67,A,APC,,2197.636963,2197.636963,
R66,66,A,APC,,30.85018444,30.85018444,
R65,65,A,APC,,643.8572388,643.8572388,
R64,64,A,APC,,585.1000061,585.1000061,
R63,63,A,APC,,1511.920288,1511.920288,
R62,62,A,APC,,296.6972504,296.6972504,
R61,61,A,APC,,8339844,8339844,
R60,60,A,APC,,1253.769897,1253.769897,
R59,59,A,APC,,324.8994293,324.8994293,
R58,58,A,APC,,551.4863892,551.4863892,
R57,57,A,APC,,35789.57324,35789.57324,
R56,56,A,APC,,32799.08398,32799.08398,
R55,55,A,APC,,1506.078735,1506.078735,
R54,54,A,APC,,1722.921143,1722.921143,
R53,53,A,APC,,2272.065918,2272.065918,
R52,52,A,APC,,1881730.313,1881730.313,
R51,51,A,APC,,193.7401428,193.7401428,
R54,54,B,APC,,1390,1390,
R53,53,B,APC,,2530,2530,
R42,42,B,APC,,17632.45117,17632.45117,
R38,38,B,APC,,26552.79395,26552.79395,
R37,37,B,APC,,7470.998291,7470.998291,
R35,35,B,APC,,810,810,
R34,34,B,APC,,3060,3060,
R33,33,B,APC,,1900,1900,
R32,32,B,APC,,1660,1660,
R31,31,B,APC,,730,730,
R30,30,B,APC,,480,480,
R29,29,B,APC,,1510,1510,
R77,77,B,APC,,1080,1080,
R76,76,B,APC,,560,560,
R51,51,B,APC,,480,480,
R36,36,B,APC,,71000,71000,
R80,80,B,APC,,300.1183624,300.1183624,
R79,79,B,APC,,640.2703247,640.2703247,
R78,78,B,APC,,390.1172485,390.1172485,
R49,49,B,APC,,3621.843018,3621.843018,
R48,48,B,APC,,1726.879844,1726.879844,
R47,47,B,APC,,3081.280156,3081.280156,
R46,46,B,APC,,2981.264844,2981.264844,
R45,45,B,APC,,2996894.375,2996894.375,
R44,44,B,APC,,720.3615723,720.3615723,
R41,41,B,APC,,2946.214844,2946.214844,
R40,40,B,APC,,714.4588318,714.4588318,
R39,39,B,APC,,3148.340942,3148.340942,
R13,13,B,APC,,34161.49023,34161.49023,
R12,12,B,APC,,13712.26855,13712.26855,
R11,11,B,APC,,3418.849731,3418.849731,
R10,10,B,APC,,1583.836487,1583.836487,
R9,9,B,APC,,5442.419434,5442.419434,
R8,8,B,APC,,2268.690552,2268.690552,
R7,7,B,APC,,935.5657959,935.5657959,
R6,6,B,APC,,39554.85547,39554.85547,
R5,5,B,APC,,470.1802826,470.1802826,
R4,4,B,APC,,2055.035767,2055.035767,
R3,3,B,APC,,2914.281128,2914.281128,
R2,2,B,APC,,5342.232178,5342.232178,
R1,1,B,APC,,2064.438721,2064.438721,
R65,65,B,APC,,1280,1280,
R66,66,B,APC,,60,60,
R63,63,B,APC,,720,720,
R62,62,B,APC,,810,810,
R61,61,B,APC,,1390,1390,
R60,60,B,APC,,140,140,
R59,59,B,APC,,450,450,
R58,58,B,APC,,990,990,
R55,55,B,APC,,780,780,
R50,50,B,APC,,1160,1160,
R28,28,B,APC,,7842.07251,7842.07251,
R27,27,B,APC,,10609.03711,10609.03711,
R26,26,B,APC,,60000,60000,
R25,25,B,APC,,6512.995117,6512.995117,
R24,24,B,APC,,950,950,
R23,23,B,APC,,820,820,
R22,22,B,APC,,2350,2350,
R21,21,B,APC,,1020,1020,
R20,20,B,APC,,4729.009766,4729.009766,
R19,19,B,APC,,370,370,
R18,18,B,APC,,152000,152000,
R17,17,B,APC,,2580,2580,
R16,16,B,APC,,240,240,
R15,15,B,APC,,29037.2666,29037.2666,
R14,14,B,APC,,470,470,MOLD
R71,71,C,APC,,1460,1460,
R70,70,C,APC,,3010,3010,
R54,54,C,APC,,2990,2990,
R42,42,C,APC,,1250,1250,
R38,38,C,APC,,24731.08887,24731.08887,
R37,37,C,APC,,12229.8623,12229.8623,
R36,36,C,APC,,2250,2250,
R35,35,C,APC,,850,850,
R32,32,C,APC,,2610,2610,
R31,31,C,APC,,760,760,
R30,30,C,APC,,1080,1080,
R29,29,C,APC,,1680,1680,
R90,90,B,APC,,1190,1190,
R89,89,B,APC,,7169.707764,7169.707764,
R88,88,B,APC,,12650,12650,
R87,87,B,APC,,480,480,
R86,86,B,APC,,1640,1640,
R85,85,B,APC,,3220,3220,
R84,84,B,APC,,16307.94727,16307.94727,
R83,83,B,APC,,850,850,
R82,82,B,APC,,450,450,
R81,81,B,APC,,89000,89000,
R69,69,B,APC,,440,440,
R68,68,B,APC,,2060,2060,
R86,86,A,APC,,1460,1460,
R100,100,C,APC,,1100,1100,
R99,99,C,APC,,840,840,
R98,98,C,APC,,2110,2110,
R97,97,C,APC,,520,520,
R96,96,C,APC,,1300,1300,
R95,95,C,APC,,4487.128662,4487.128662,
R94,94,C,APC,,2510,2510,
R93,93,C,APC,,1120,1120,
R92,92,C,APC,,4650,4650,
R91,91,C,APC,,390,390,
R75,75,C,APC,,360,360,
R74,74,C,APC,,2550,2550,
R73,73,C,APC,,1140,1140,
R72,72,C,APC,,610,610,
R51,51,C,APC,,330,330,
R41,41,C,APC,,1160,1160,
R40,40,C,APC,,630,630,
R34,34,C,APC,,5538.366211,5538.366211,
R28,28,C,APC,,300,300,
R27,27,C,APC,,430,430,
R26,26,C,APC,,300,300,
R25,25,C,APC,,31599.37891,31599.37891,
R24,24,C,APC,,1290,1290,
R23,23,C,APC,,1520,1520,
R22,22,C,APC,,2230,2230,
R53,53,C,APC,,3590,3590,
R52,52,C,APC,,1080,1080,
R39,39,C,APC,,850,850,
R33,33,C,APC,,5368.193116,5368.193116,
R21,21,C,APC,,2480,2480,
R20,20,C,APC,,990,990,
R19,19,C,APC,,230,230,
R18,18,C,APC,,890,890,
R17,17,C,APC,,2310,2310,
R16,16,C,APC,,580,580,
R15,15,C,APC,,1860,1860,
R14,14,C,APC,,260,260,
R13,13,C,APC,,20281.45703,20281.45703,
R12,12,C,APC,,4120,4120,
R11,11,C,APC,,1090,1090,
R10,10,C,APC,,1260,1260,
R9,9,C,APC,,2540,2540,
R8,8,C,APC,,1780,1780,
R7,7,C,APC,,280,280,
R6,6,C,APC,,85000,85000,
R5,5,C,APC,,1020,1020,
R4,4,C,APC,,5925.123779,5925.123779,
R3,3,C,APC,,1250,1250,
R2,2,C,APC,,3170,3170,
R1,1,C,APC,,270,270,
R89,89,C,APC,,11296.65967,11296.65967,
R88,88,C,APC,,1012.128235,1012.128235,
R87,87,C,APC,,460.5832062,460.5832062,
R84,84,C,APC,,2461.273926,2461.273926,
R83,83,C,APC,,1120.816315,1120.816315,
R82,82,C,APC,,368.2359772,368.2359772,
R81,81,C,APC,,499.2593079,499.2593079,
R80,80,C,APC,,1565.982239,1565.982239,
R79,79,C,APC,,2504.432739,2504.432739,
R78,78,C,APC,,641.0856934,641.0856934,
R65,65,C,APC,,6818.054688,6818.054688,
R63,63,C,APC,,1033.760803,1033.760803,
R62,62,C,APC,,599.1639404,599.1639404,
R61,61,C,APC,,436.8895416,436.8895416,
R60,60,C,APC,,317.3752747,317.3752747,
R59,59,C,APC,,1558.482971,1558.482971,
R58,58,C,APC,,4123.931641,4123.931641,
R57,57,C,APC,,10512.01172,10512.01172,
R50,50,C,APC,,1859.675659,1859.675659,
R49,49,C,APC,,2906.077271,2906.077271,
R48,48,C,APC,,3071.604248,3071.604248,
R47,47,C,APC,,1195.331543,1195.331543,
R46,46,C,APC,,1531.310913,1531.310913,
R45,45,C,APC,,1384.659912,1384.659912,
R44,44,C,APC,,535.8700409,535.8700409,
R102,102,C,APC,,2450,2450,
R101,101,C,APC,,3390,3390,
R90,90,C,APC,,340,340,
R86,86,C,APC,,1230,1230,
R85,85,C,APC,,1480,1480,
R77,77,C,APC,,980,980,
R69,69,C,APC,,900,900,
R68,68,C,APC,,18460.26563,18460.26563,
R67,67,C,APC,,2980,2980,
R56,56,C,APC,,2050,2050,
R100,100,D,APC,,2040,2040,
R99,99,D,APC,,2010,2010,
R98,98,D,APC,,770,770,
R97,97,D,APC,,480,480,
R96,96,D,APC,,330,330,
R95,95,D,APC,,1500,1500,
R94,94,D,APC,,1530,1530,
R93,93,D,APC,,720,720,
R92,92,D,APC,,2170,2170,
R91,91,D,APC,,650,650,
R71,71,D,APC,,2730,2730,
R70,70,D,APC,,390,390,
R54,54,D,APC,,1460,1460,
R42,42,D,APC,,1900,1900,
R41,41,D,APC,,16597.68213,16597.68213,
R40,40,D,APC,,360,360,
R39,39,D,APC,,720,720,
R38,38,D,APC,,10019.646,10019.646,
R37,37,D,APC,,7260.796875,7260.796875,
R36,36,D,APC,,530,530,
R35,35,D,APC,,760,760,
R32,32,D,APC,,3030,3030,
R31,31,D,APC,,420,420,
R30,30,D,APC,,610,610,
R29,29,D,APC,,600,600,
R25,25,D,APC,,2620,2620,
R24,24,D,APC,,1060,1060,
R23,23,D,APC,,1460,1460,
R22,22,D,APC,,3410,3410,
R21,21,D,APC,,1380,1380,
R20,20,D,APC,,11444.00781,11444.00781,
R19,19,D,APC,,440,440,
R18,18,D,APC,,1050,1050,
R17,17,D,APC,,1290,1290,
R16,16,D,APC,,460,460,
R15,15,D,APC,,2340,2340,
R14,14,D,APC,,290,290,
R13,13,D,APC,,9405.697266,9405.697266,
R12,12,D,APC,,1360,1360,
R11,11,D,APC,,1110,1110,
R10,10,D,APC,,290,290,
R9,9,D,APC,,1990,1990,
R8,8,D,APC,,1570,1570,
R7,7,D,APC,,410,410,
R6,6,D,APC,,3410,3410,
R5,5,D,APC,,660,660,
R4,4,D,APC,,2450,2450,
R3,3,D,APC,,18998.34473,18998.34473,
R2,2,D,APC,,1270,1270,
R1,1,D,APC,,160,160,
R25,25,E,APC,,340,340,
R24,24,E,APC,,1230,1230,
R23,23,E,APC,,840,840,
R22,22,E,APC,,1740,1740,
R21,21,E,APC,,390,390,
R20,20,E,APC,,970,970,
R19,19,E,APC,,880,880,
R18,18,E,APC,,810,810,
R17,17,E,APC,,1510,1510,
R16,16,E,APC,,190,190,
R15,15,E,APC,,2230,2230,
R14,14,E,APC,,140,140,
R13,13,E,APC,,6920.450439,6920.450439,
R12,12,E,APC,,880,880,
R11,11,E,APC,,420,420,
R10,10,E,APC,,230,230,
R9,9,E,APC,,2620,2620,
R8,8,E,APC,,1140,1140,
R7,7,E,APC,,280,280,
R6,6,E,APC,,15438.74219,15438.74219,
R5,5,E,APC,,21523.17969,21523.17969,
R4,4,E,APC,,610,610,
R3,3,E,APC,,47000,47000,
R2,2,E,APC,,1540,1540,
R1,1,E,APC,,100,100,
R28,28,E,APC,,270,270,
R27,27,E,APC,,210,210,
R26,26,E,APC,,220,220,
R1,1,F,APC,,80,80,
R2,2,F,APC,,490,490,
R3,3,F,APC,,700,700,
R4,4,F,APC,,1590,1590,
R5,5,F,APC,,1010,1010,
R6,6,F,APC,,11542.23926,11542.23926,
R7,7,F,APC,,290,290,
R8,8,F,APC,,400,400,
R9,9,F,APC,,17673.84131,17673.84131,
R10,10,F,APC,,240,240,
R11,11,F,APC,,280,280,
R12,12,F,APC,,3530,3530,
R13,13,F,APC,,4946.708008,4946.708008,
R14,14,F,APC,,23509.93359,23509.93359,
R15,15,F,APC,,13137.86,13137.86,
R16,16,F,APC,,390,390,
R17,17,F,APC,,350,350,
R18,18,F,APC,,168000,168000,
R19,19,F,APC,,380,380,
R20,20,F,APC,,9970.530273,9970.530273,
R21,21,F,APC,,450,450,
R22,22,F,APC,,1080,1080,Estimated
R77,77,F,APC,,570,570,
R69,69,F,APC,,570,570,
R67,67,F,APC,,1730,1730,
R76,76,F,APC,,90,90,
R70,70,F,APC,,320,320,
R66,66,F,APC,,110,110,
R65,65,F,APC,,910,910,
R63,63,F,APC,,2320,2320,
R62,62,F,APC,,450,450,
R61,61,F,APC,,90,90,
R60,60,F,APC,,660,660,
R59,59,F,APC,,1590,1590,
R58,58,F,APC,,350,350,
R56,56,F,APC,,1390,1390,
R45,45,F,APC,,630,630,
R45,45,F,APC,,3380,3380,
R33,33,F,APC,,840,840,
R33,33,F,APC,,2270,2270,
R28,28,F,APC,,370,370,
R27,27,F,APC,,420,420,
R26,26,F,APC,,17180,17180,
R25,25,F,APC,,319000,319000,
R24,24,F,APC,,940,940,
R23,23,F,APC,,4046.187988,4046.187988,
R66,66,E,APC,,170,170,
R101,101,F,APC,,580,580,
R101,101,F,APC,,580,580,
R90,90,F,APC,,1560,1560,
R90,90,F,APC,,1560,1560,
R89,89,F,APC,,102000,102000,
R89,89,F,APC,,102000,102000,
R88,88,F,APC,,140,140,
R88,88,F,APC,,140,140,
R87,87,F,APC,,210,210,
R87,87,F,APC,,210,210,
R86,86,F,APC,,420,420,
R86,86,F,APC,,420,420,
R85,85,F,APC,,240,240,
R85,85,F,APC,,240,240,
R84,84,F,APC,,12856.65967,12856.65967,
R84,84,F,APC,,12856.65967,12856.65967,
R83,83,F,APC,,320,320,
R83,83,F,APC,,320,320,
R82,82,F,APC,,290,290,
R82,82,F,APC,,290,290,
R81,81,F,APC,,890.0879517,890.0879517,
R81,81,F,APC,,890.0879517,890.0879517,
R80,80,F,APC,,1080,1080,
R80,80,F,APC,,840,840,
R79,79,F,APC,,93000,93000,
R96,96,G,APC,,1660,1660,
R96,96,G,APC,,1660,1660,
R95,95,G,APC,,1240,1240,
R95,95,G,APC,,1240,1240,
R94,94,G,APC,,6095.297119,6095.297119,
R94,94,G,APC,,6095.297119,6095.297119,
R93,93,G,APC,,380,380,
R93,93,G,APC,,380,380,
R92,92,G,APC,,67000,67000,
R92,92,G,APC,,67000,67000,
R91,91,G,APC,,1130,1130,
R91,91,G,APC,,1130,1130,
R91,91,G,APC,,1130,1130,
R75,75,G,APC,,420,420,
R75,75,G,APC,,420,420,
R74,74,G,APC,,640,640,
R74,74,G,APC,,640,640,
R73,73,G,APC,,1370,1370,
R73,73,G,APC,,1370,1370,
R72,72,G,APC,,790,790,
R72,72,G,APC,,790,790,
R71,71,G,APC,,3910,3910,
R71,71,G,APC,,3910,3910,
R70,70,G,APC,,1760,1760,
R70,70,G,APC,,1760,1760,
R59,59,E,LPC,,47.51007652,47.51007652,
R58,58,E,LPC,,89.08139801,89.08139801,
R55,55,E,LPC,,59.38759804,59.38759804,
R54,54,E,LPC,,5.938759804,5.938759804,
R53,53,E,LPC,,11.87751961,11.87751961,
R50,50,E,LPC,,17.81627941,17.81627941,
R49,49,E,LPC,,23.75503922,23.75503922,
R48,48,E,LPC,,53.44883728,53.44883728,
R47,47,E,LPC,,53.44883919,53.44883919,
R46,46,E,LPC,,47.51007843,47.51007843,
R45,45,E,LPC,,29.69379807,29.69379807,
R44,44,E,LPC,,59.38759613,59.38759613,
R42,42,E,LPC,,290.9992371,290.9992371,
R40,40,E,LPC,,47.51007843,47.51007843,
R39,39,E,LPC,,5.938759804,5.938759804,
R38,38,E,LPC,,344.4480591,344.4480591,
R37,37,E,LPC,,23.75503922,23.75503922,
R36,36,E,LPC,,23.75503922,23.75503922,
R35,35,E,LPC,,83.14263916,83.14263916,
R34,34,E,LPC,,29.69379807,29.69379807,
R33,33,E,LPC,,17.81627941,17.81627941,
R32,32,E,LPC,,23.75503826,23.75503826,
R31,31,E,LPC,,29.69379902,29.69379902,
R30,30,E,LPC,,11.87751961,11.87751961,
R29,29,E,LPC,,5.938759804,5.938759804,
R99,99,G,APC,,280,280,
R98,98,G,APC,,810,810,
R97,97,G,APC,,870,870,
R90,90,G,APC,,410,410,
R89,89,G,APC,,770,770,
R88,88,G,APC,,310,310,
R87,87,G,APC,,190,190,
R84,84,G,APC,,1070,1070,
R83,83,G,APC,,5476.485156,5476.485156,
R82,82,G,APC,,390,390,
R81,81,G,APC,,1980,1980,
R80,80,G,APC,,2320,2320,
R79,79,G,APC,,6543.935547,6543.935547,
R99,99,H,APC,,1850,1850,SPREADER
R98,98,H,APC,,770,770,SPREADER
R96,96,H,APC,,2330,2330,
R95,95,H,APC,,1720,1720,
R93,93,H,APC,,1200,1200,
R92,92,H,APC,,2800,2800,
