FarmID,Sampling,Test,Conc,Notes
R83,G,BAB,0,lab error
R88,G,BAB,0,lab error
R92,H,BAB,0,lab error
R42,A,BAB,0,LAB ERROR
R49,B,BAB,0,LAB ERROR
R78,B,BAB,0,LAB ERROR
R79,B,BAB,0,LAB ERROR
R80,B,BAB,0,LAB ERROR
R32,C,BAB,0,LAB ERROR
R101,C,BAB,0,lab error
R93,D,BAB,0,lab error
R86,E,BAB,0,lab error
R96,E,BAB,0,lab error
R100,E,BAB,0,lab error
R101,E,BAB,0,lab error
R82,G,BAB,4.5,NA
R90,G,BAB,4.5,NA
R99,G,BAB,4.5,NA
R98,H,BAB,4.5,NA
R5,A,BAB,4.5,NA
R23,A,BAB,4.5,NA
R25,A,BAB,4.5,NA
R44,A,BAB,4.5,NA
R72,B,BAB,4.5,NA
R1,B,BAB,4.5,NA
R69,B,BAB,4.5,NA
R82,B,BAB,4.5,NA
R70,C,BAB,4.5,NA
R1,C,BAB,4.5,NA
R20,C,BAB,4.5,NA
R6,D,BAB,4.5,NA
R87,D,BAB,4.5,NA
R76,C,BAB,4.5,NA
R53,E,BAB,4.5,NA
R58,E,BAB,4.5,NA
R70,E,BAB,4.5,NA
R26,F,BAB,4.5,NA
R50,F,BAB,4.5,NA
R66,F,BAB,4.5,NA
R69,F,BAB,4.5,NA
R70,F,BAB,4.5,NA
R81,F,BAB,4.5,NA
R82,F,BAB,4.5,NA
R22,B,BAB,18,NA
R80,G,BAB,19,NA
R2,A,BAB,19,NA
R11,A,BAB,19,NA
R14,A,BAB,19,NA
R19,A,BAB,19,NA
R22,A,BAB,19,NA
R31,A,BAB,19,NA
R36,A,BAB,19,NA
R43,A,BAB,19,NA
R50,A,BAB,19,NA
R64,A,BAB,19,NA
R69,A,BAB,19,NA
R70,B,BAB,19,NA
R75,B,BAB,19,NA
R31,B,BAB,19,NA
R14,B,BAB,19,NA
R20,B,BAB,19,NA
R50,B,BAB,19,NA
R55,B,BAB,19,NA
R2,C,BAB,19,NA
R31,D,BAB,19,NA
R70,D,BAB,19,NA
R15,D,BAB,19,NA
R22,D,BAB,19,NA
R23,D,BAB,19,NA
R90,D,BAB,19,NA
R50,E,BAB,19,lab error
R79,E,BAB,19,NA
R69,E,BAB,19,NA
R77,E,BAB,19,NA
R37,F,BAB,19,NA
R38,F,BAB,19,NA
R49,F,BAB,19,NA
R28,F,BAB,19,NA
R58,F,BAB,19,NA
R59,F,BAB,19,NA
R61,F,BAB,19,NA
R76,F,BAB,19,NA
R86,F,BAB,19,NA
R73,G,BAB,19,NA
R8,A,BAB,38,NA
R15,A,BAB,38,NA
R65,A,BAB,38,NA
R35,C,BAB,38,NA
R36,C,BAB,38,NA
R82,C,BAB,38,NA
R49,E,BAB,38,NA
R1,A,BAB,40,NA
R3,A,BAB,40,NA
R20,A,BAB,40,NA
R21,A,BAB,40,NA
R27,A,BAB,40,NA
R29,A,BAB,40,NA
R32,A,BAB,40,NA
R37,A,BAB,40,NA
R66,A,BAB,40,NA
R73,B,BAB,40,NA
R74,B,BAB,40,NA
R76,B,BAB,40,NA
R5,B,BAB,40,NA
R8,C,BAB,40,NA
R10,C,BAB,40,NA
R11,C,BAB,40,NA
R52,C,BAB,40,NA
R69,C,BAB,40,NA
R77,C,BAB,40,NA
R1,D,BAB,40,NA
R49,D,BAB,40,NA
R76,D,BAB,40,NA
R77,D,BAB,40,NA
R31,E,BAB,40,NA
R38,E,BAB,40,NA
R82,E,BAB,40,NA
R77,F,BAB,40,NA
R84,F,BAB,40,NA
R85,F,BAB,40,NA
R89,F,BAB,40,NA
R71,G,BAB,40,NA
R72,G,BAB,40,NA
R90,E,BAB,58,NA
R47,D,BAB,61,NA
R79,D,BAB,61,NA
R87,E,BAB,61,NA
R87,G,BAB,64,NA
R10,A,BAB,64,NA
R12,A,BAB,64,NA
R57,A,BAB,64,NA
R59,A,BAB,64,NA
R62,A,BAB,64,NA
R38,B,BAB,64,NA
R25,B,BAB,64,NA
R60,B,BAB,64,NA
R90,B,BAB,64,NA
R31,C,BAB,64,NA
R26,C,BAB,64,NA
R14,C,BAB,64,NA
R66,B,BAB,64,NA
R65,D,BAB,64,NA
R69,D,BAB,64,NA
R88,D,BAB,64,NA
R76,E,BAB,64,NA
R30,F,BAB,64,NA
R53,F,BAB,64,NA
R88,F,BAB,64,NA
R95,G,BAB,64,NA
R33,F,BAB,81,NA
R98,G,BAB,86,NA
R48,A,BAB,86,NA
R36,B,BAB,86,NA
R58,B,BAB,86,NA
R63,B,BAB,86,NA
R59,C,BAB,86,NA
R44,F,BAB,86,NA
R7,A,BAB,90,NA
R30,A,BAB,90,NA
R35,A,BAB,90,NA
R45,A,BAB,90,NA
R53,A,BAB,90,NA
R54,A,BAB,90,NA
R87,B,BAB,90,NA
R30,C,BAB,90,NA
R71,C,BAB,90,NA
R73,C,BAB,90,NA
R91,C,BAB,90,NA
R100,C,BAB,90,NA
R18,C,BAB,90,NA
R14,D,BAB,90,NA
R25,D,BAB,90,NA
R60,D,BAB,90,NA
R61,D,BAB,90,NA
R37,E,BAB,90,NA
R60,E,BAB,90,NA
R80,E,BAB,90,NA
R29,F,BAB,90,NA
R31,F,BAB,90,NA
R34,F,BAB,90,NA
R56,F,BAB,90,NA
R65,F,BAB,90,NA
R83,F,BAB,90,NA
R92,G,BAB,90,NA
R15,B,BAB,110,NA
R60,C,BAB,110,NA
R61,C,BAB,110,NA
R89,D,BAB,110,NA
R48,E,BAB,110,NA
R55,E,BAB,110,NA
R71,E,BAB,110,NA
R88,E,BAB,110,NA
R32,F,BAB,110,NA
R71,F,BAB,110,NA
R90,F,BAB,110,NA
R74,G,BAB,110,NA
R81,G,BAB,120,NA
R95,H,BAB,120,NA
R16,A,BAB,120,NA
R17,A,BAB,120,NA
R39,A,BAB,120,NA
R56,A,BAB,120,NA
R58,A,BAB,120,NA
R63,A,BAB,120,NA
R67,A,BAB,120,NA
R71,B,BAB,120,NA
R37,B,BAB,120,NA
R7,B,BAB,120,NA
R21,B,BAB,120,NA
R23,B,BAB,120,NA
R65,B,BAB,120,NA
R40,C,BAB,120,NA
R99,C,BAB,120,NA
R7,C,BAB,120,NA
R13,C,BAB,120,NA
R36,D,BAB,120,NA
R18,D,BAB,120,NA
R20,D,BAB,120,NA
R58,D,BAB,120,NA
R32,E,BAB,120,NA
R61,E,BAB,120,NA
R63,E,BAB,120,NA
R36,F,BAB,120,NA
R39,F,BAB,120,NA
R25,F,BAB,120,NA
R75,G,BAB,120,NA
R52,A,BAB,140,NA
R28,B,BAB,140,NA
R49,A,BAB,150,NA
R53,B,BAB,150,NA
R59,B,BAB,150,NA
R83,B,BAB,150,NA
R56,C,BAB,150,NA
R8,D,BAB,150,NA
R4,A,BAB,160,NA
R33,A,BAB,160,NA
R46,A,BAB,160,NA
R55,A,BAB,160,NA
R68,A,BAB,160,NA
R29,B,BAB,160,NA
R51,B,BAB,160,NA
R8,B,BAB,160,NA
R81,B,BAB,160,NA
R88,B,BAB,160,NA
R38,C,BAB,160,NA
R22,C,BAB,160,NA
R23,C,BAB,160,NA
R27,C,BAB,160,NA
R34,C,BAB,160,NA
R72,C,BAB,160,NA
R88,C,BAB,160,NA
R85,C,BAB,160,NA
R30,D,BAB,160,NA
R38,D,BAB,160,NA
R44,E,BAB,160,NA
R72,E,BAB,160,NA
R68,E,BAB,160,NA
R40,F,BAB,160,NA
R48,F,BAB,160,NA
R98,F,BAB,160,NA
R27,F,BAB,160,NA
R84,C,BAB,170,NA
R46,E,BAB,170,NA
R89,E,BAB,170,NA
R74,F,BAB,170,NA
R91,F,BAB,170,NA
R67,F,BAB,170,NA
R89,G,BAB,190,NA
R96,H,BAB,190,NA
R30,B,BAB,190,NA
R25,C,BAB,190,NA
R45,C,BAB,190,NA
R9,D,BAB,190,NA
R56,D,BAB,190,NA
R29,E,BAB,190,NA
R73,F,BAB,190,NA
R87,F,BAB,190,NA
R93,H,BAB,200,NA
R18,A,BAB,200,NA
R38,A,BAB,200,NA
R24,B,BAB,200,NA
R27,B,BAB,200,NA
R50,C,BAB,200,NA
R58,C,BAB,200,NA
R71,D,BAB,200,NA
R27,D,BAB,200,NA
R68,D,BAB,200,NA
R24,F,BAB,200,NA
R79,F,BAB,200,NA
R79,G,BAB,200,NA
R47,C,BAB,220,NA
R49,C,BAB,220,NA
R28,D,BAB,220,NA
R46,D,BAB,220,NA
R39,E,BAB,220,NA
R60,A,BAB,240,NA
R48,B,BAB,240,NA
R75,C,BAB,240,NA
R94,C,BAB,240,NA
R81,C,BAB,240,NA
R90,C,BAB,240,NA
R96,D,BAB,240,NA
R83,G,BAB,260,NA
R13,A,BAB,260,NA
R40,A,BAB,260,NA
R12,B,BAB,260,NA
R16,B,BAB,260,NA
R17,B,BAB,260,NA
R51,C,BAB,260,NA
R74,C,BAB,260,NA
R17,C,BAB,260,NA
R44,C,BAB,260,NA
R87,C,BAB,260,NA
R68,C,BAB,260,NA
R10,D,BAB,260,NA
R17,D,BAB,260,NA
R21,D,BAB,260,NA
R83,D,BAB,260,NA
R30,E,BAB,260,NA
R81,E,BAB,260,NA
R83,E,BAB,260,NA
R75,F,BAB,260,NA
R95,F,BAB,260,NA
R96,F,BAB,260,NA
R66,E,BAB,260,NA
R70,G,BAB,260,NA
R10,B,BAB,270,NA
R44,B,BAB,270,NA
R100,D,BAB,270,NA
R59,D,BAB,270,NA
R72,D,BAB,270,NA
R95,E,BAB,270,NA
R46,F,BAB,270,NA
R6,A,BAB,300,NA
R47,B,BAB,300,NA
R62,B,BAB,300,NA
R89,B,BAB,300,NA
R96,C,BAB,300,NA
R35,D,BAB,300,NA
R99,E,BAB,300,NA
R63,F,BAB,300,NA
R93,G,BAB,300,NA
R94,G,BAB,300,NA
R96,G,BAB,310,NA
R9,A,BAB,340,NA
R28,A,BAB,340,NA
R34,A,BAB,340,NA
R47,A,BAB,340,NA
R33,B,BAB,340,NA
R54,B,BAB,340,NA
R2,B,BAB,340,NA
R3,B,BAB,340,NA
R4,B,BAB,340,NA
R13,B,BAB,340,NA
R46,B,BAB,340,NA
R37,C,BAB,340,NA
R93,C,BAB,340,NA
R6,C,BAB,340,NA
R16,C,BAB,340,NA
R33,C,BAB,340,NA
R39,C,BAB,340,NA
R46,C,BAB,340,NA
R63,C,BAB,340,NA
R37,D,BAB,340,NA
R4,D,BAB,340,NA
R16,D,BAB,340,NA
R19,D,BAB,340,NA
R44,D,BAB,340,NA
R40,E,BAB,340,NA
R47,E,BAB,340,NA
R65,E,BAB,340,NA
R75,E,BAB,340,NA
R85,E,BAB,340,NA
R35,F,BAB,340,NA
R100,F,BAB,340,NA
R62,F,BAB,340,NA
R80,C,BAB,350,NA
R79,C,BAB,390,NA
R68,B,BAB,400,NA
R21,C,BAB,400,NA
R86,C,BAB,400,NA
R92,D,BAB,400,NA
R11,D,BAB,400,NA
R59,E,BAB,400,NA
R56,E,BAB,400,NA
R45,F,BAB,400,NA
R60,F,BAB,400,NA
R91,G,BAB,400,NA
R94,D,BAB,440,NA
R47,F,BAB,440,NA
R28,C,BAB,460,NA
R98,C,BAB,460,NA
R4,C,BAB,460,NA
R48,C,BAB,460,NA
R99,D,BAB,460,NA
R36,E,BAB,460,NA
R73,E,BAB,460,NA
R92,E,BAB,460,NA
R80,F,BAB,460,NA
R91,H,BAB,480,NA
R9,B,BAB,480,NA
R12,C,BAB,480,NA
R40,D,BAB,480,NA
R91,D,BAB,480,NA
R33,D,BAB,480,NA
R75,D,BAB,480,NA
R35,E,BAB,480,NA
R62,E,BAB,480,NA
R48,D,BAB,500,NA
R97,F,BAB,500,NA
R65,C,BAB,530,NA
R95,D,BAB,530,NA
R3,D,BAB,530,NA
R5,D,BAB,530,NA
R84,D,BAB,530,NA
R94,E,BAB,530,NA
R92,F,BAB,530,NA
R13,D,BAB,560,NA
R99,H,BAB,570,NA
R18,B,BAB,570,NA
R19,B,BAB,570,NA
R86,A,BAB,570,NA
R3,C,BAB,570,NA
R9,C,BAB,570,NA
R15,C,BAB,570,NA
R83,C,BAB,570,NA
R98,D,BAB,570,NA
R53,D,BAB,570,NA
R62,D,BAB,570,NA
R67,D,BAB,570,NA
R73,D,BAB,570,NA
R86,D,BAB,570,NA
R33,E,BAB,570,NA
R91,E,BAB,570,NA
R97,G,BAB,600,NA
R61,A,BAB,600,NA
R77,B,BAB,600,NA
R61,B,BAB,600,NA
R78,C,BAB,600,NA
R2,D,BAB,600,NA
R26,D,BAB,600,NA
R41,A,BAB,690,NA
R57,C,BAB,690,NA
R41,D,BAB,690,NA
R74,E,BAB,690,NA
R34,B,BAB,700,NA
R84,B,BAB,700,NA
R85,B,BAB,700,NA
R86,B,BAB,700,NA
R54,C,BAB,700,NA
R24,C,BAB,700,NA
R92,C,BAB,700,NA
R53,C,BAB,700,NA
R12,D,BAB,700,NA
R63,D,BAB,700,NA
R80,D,BAB,700,NA
R101,D,BAB,700,NA
R34,E,BAB,700,NA
R84,E,BAB,700,NA
R67,E,BAB,700,NA
R101,F,BAB,700,NA
R54,F,BAB,770,NA
R45,D,BAB,800,NA
R6,B,BAB,860,NA
R41,B,BAB,860,NA
R45,B,BAB,860,NA
R89,C,BAB,860,NA
R7,D,BAB,860,NA
R74,D,BAB,860,NA
R93,F,BAB,860,NA
R99,F,BAB,860,NA
R24,A,BAB,1100,NA
R51,A,BAB,1100,NA
R32,B,BAB,1100,NA
R39,B,BAB,1100,NA
R26,B,BAB,1100,NA
R41,C,BAB,1100,NA
R95,C,BAB,1100,NA
R62,C,BAB,1100,NA
R29,D,BAB,1100,NA
R24,D,BAB,1100,NA
R42,E,BAB,1100,NA
R45,E,BAB,1100,NA
R93,E,BAB,1100,NA
R97,E,BAB,1100,NA
R23,F,BAB,1100,NA
R19,C,BAB,1200,NA
R11,B,BAB,1400,NA
R40,B,BAB,1400,NA
R29,C,BAB,1400,NA
R42,C,BAB,1400,NA
R32,D,BAB,1400,NA
R39,D,BAB,1400,NA
R78,D,BAB,1400,NA
R85,D,BAB,1400,NA
R78,E,BAB,1400,NA
R102,E,BAB,1400,NA
R94,F,BAB,1400,NA
R35,B,BAB,1800,NA
R5,C,BAB,1800,NA
R66,D,BAB,1800,NA
R98,E,BAB,1800,NA
R97,C,BAB,2400,NA
R26,A,BAB,5000,NA
R42,B,BAB,5000,NA
R67,C,BAB,5000,NA
R102,C,BAB,5000,NA
R42,D,BAB,5000,NA
R54,D,BAB,5000,NA
R97,D,BAB,5000,NA
R51,D,BAB,5000,NA
R54,E,BAB,5000,NA
R42,F,BAB,5000,NA
R91,H,PSC,0.005,NA
R92,H,PSC,0.005,NA
R93,H,PSC,0.02,NA
R95,H,PSC,0.05,NA
R96,H,PSC,0.13,NA
R98,H,PSC,0.02,NA
R99,H,PSC,0.17,NA
R1,A,PSC,0.02,NA
R2,A,PSC,0.02,NA
R3,A,PSC,0.02,NA
R4,A,PSC,0.04,NA
R5,A,PSC,0.02,NA
R6,A,PSC,0.005,NA
R7,A,PSC,0.005,NA
R8,A,PSC,0.005,NA
R9,A,PSC,0.11,NA
R10,A,PSC,0.02,NA
R11,A,PSC,0.005,NA
R12,A,PSC,0.005,NA
R13,A,PSC,0.11,NA
R14,A,PSC,0.005,NA
R15,A,PSC,0.02,NA
R16,A,PSC,0.02,NA
R17,A,PSC,0.02,NA
R18,A,PSC,0.08,NA
R19,A,PSC,0.04,NA
R20,A,PSC,0.05,NA
R21,A,PSC,0.02,NA
R22,A,PSC,0.005,NA
R23,A,PSC,0.02,NA
R24,A,PSC,0.07,NA
R25,A,PSC,0.11,NA
R26,A,PSC,0.02,NA
R27,A,PSC,0.02,NA
R28,A,PSC,0.02,NA
R29,A,PSC,0.02,NA
R30,A,PSC,0.02,NA
R31,A,PSC,0.02,NA
R32,A,PSC,0.005,NA
R33,A,PSC,0.05,NA
R34,A,PSC,0.05,NA
R35,A,PSC,0.13,NA
R36,A,PSC,0.04,NA
R37,A,PSC,0.005,NA
R38,A,PSC,0.02,NA
R39,A,PSC,0.04,NA
R40,A,PSC,0.005,NA
R41,A,PSC,0.005,NA
R42,A,PSC,2.2,NA
R43,A,PSC,0.005,NA
R44,A,PSC,0.13,NA
R45,A,PSC,0.04,NA
R46,A,PSC,0.11,NA
R47,A,PSC,0.005,NA
R48,A,PSC,0.005,NA
R49,A,PSC,0,lab error
R50,A,PSC,0.07,NA
R51,A,PSC,0.49,NA
R52,A,PSC,0.08,NA
R53,A,PSC,0.05,NA
R54,A,PSC,0.02,NA
R55,A,PSC,0.02,NA
R56,A,PSC,0.005,NA
R57,A,PSC,0.005,NA
R58,A,PSC,0.02,NA
R59,A,PSC,0.02,NA
R60,A,PSC,0.07,NA
R61,A,PSC,0.08,NA
R62,A,PSC,0.02,NA
R63,A,PSC,0.005,NA
R64,A,PSC,0.005,NA
R65,A,PSC,0.005,NA
R66,A,PSC,0.005,NA
R67,A,PSC,0.11,NA
R68,A,PSC,0.17,NA
R69,A,PSC,0.005,NA
R70,B,PSC,0.005,NA
R71,B,PSC,0.05,NA
R72,B,PSC,0.005,NA
R73,B,PSC,0.05,NA
R74,B,PSC,0.13,NA
R75,B,PSC,0.08,NA
R36,B,PSC,0.005,NA
R51,B,PSC,0.05,NA
R76,B,PSC,0.05,NA
R77,B,PSC,0.005,NA
R1,B,PSC,0.005,NA
R2,B,PSC,0.02,NA
R3,B,PSC,0.02,NA
R4,B,PSC,0.005,NA
R5,B,PSC,0.02,NA
R6,B,PSC,0.33,NA
R7,B,PSC,0.05,NA
R8,B,PSC,0.08,NA
R9,B,PSC,0.05,NA
R10,B,PSC,0.05,NA
R11,B,PSC,0.08,NA
R12,B,PSC,0.02,NA
R13,B,PSC,0.09,NA
R39,B,PSC,0.07,NA
R40,B,PSC,0.02,NA
R41,B,PSC,0.02,NA
R44,B,PSC,0.07,NA
R45,B,PSC,0.08,NA
R46,B,PSC,0.005,NA
R47,B,PSC,0.005,NA
R48,B,PSC,0.005,NA
R49,B,PSC,0.05,NA
R78,B,PSC,0.04,NA
R79,B,PSC,0.005,NA
R80,B,PSC,0.005,NA
R14,B,PSC,0.005,NA
R15,B,PSC,0.02,NA
R16,B,PSC,0.17,plates had yeast
R18,B,PSC,0.08,NA
R19,B,PSC,0.23,NA
R20,B,PSC,0.02,NA
R21,B,PSC,0.005,NA
R22,B,PSC,0.005,NA
R23,B,PSC,0.02,NA
R24,B,PSC,0.005,NA
R25,B,PSC,0.02,NA
R26,B,PSC,0.05,NA
R27,B,PSC,0.17,NA
R28,B,PSC,0.05,NA
R50,B,PSC,0.05,NA
R55,B,PSC,0.005,NA
R58,B,PSC,0.005,NA
R59,B,PSC,0.05,NA
R60,B,PSC,0.13,NA
R61,B,PSC,0.02,NA
R62,B,PSC,0.17,NA
R63,B,PSC,0.07,NA
R65,B,PSC,0.06,NA
R66,B,PSC,0.005,NA
R86,A,PSC,0.005,NA
R68,B,PSC,0.005,NA
R69,B,PSC,0.005,NA
R81,B,PSC,0.23,NA
R82,B,PSC,0.05,NA
R83,B,PSC,0.23,NA
R84,B,PSC,5.4,NA
R85,B,PSC,0.02,NA
R86,B,PSC,0.04,NA
R87,B,PSC,0.06,NA
R88,B,PSC,0.005,NA
R89,B,PSC,0.79,NA
R90,B,PSC,0.08,NA
R29,C,PSC,0.04,NA
R30,C,PSC,16,NA
R31,C,PSC,0.02,NA
R32,C,PSC,0.07,NA
R35,C,PSC,0.04,NA
R36,C,PSC,0.05,NA
R37,C,PSC,0.005,NA
R38,C,PSC,18,NA
R42,C,PSC,2.4,NA
R54,C,PSC,0.49,NA
R70,C,PSC,0.02,NA
R71,C,PSC,0.02,NA
R22,C,PSC,0.005,NA
R23,C,PSC,0.005,NA
R24,C,PSC,0.02,NA
R25,C,PSC,0.005,NA
R26,C,PSC,0.005,NA
R27,C,PSC,0.005,NA
R28,C,PSC,0.02,NA
R34,C,PSC,0.09,NA
R40,C,PSC,0.04,NA
R41,C,PSC,0.07,NA
R51,C,PSC,0.005,NA
R72,C,PSC,0.02,NA
R73,C,PSC,0.005,NA
R74,C,PSC,0.05,NA
R75,C,PSC,0.07,NA
R91,C,PSC,0.005,NA
R92,C,PSC,0.005,NA
R93,C,PSC,0.02,NA
R94,C,PSC,0.02,NA
R95,C,PSC,0.17,NA
R96,C,PSC,0.02,NA
R97,C,PSC,0.005,NA
R98,C,PSC,0.02,NA
R99,C,PSC,0.05,NA
R100,C,PSC,0.07,NA
R1,C,PSC,0.04,NA
R2,C,PSC,0.09,NA
R3,C,PSC,0.02,NA
R4,C,PSC,0.08,NA
R5,C,PSC,0.11,NA
R6,C,PSC,0.02,NA
R7,C,PSC,0.005,NA
R8,C,PSC,1.3,NA
R9,C,PSC,0.09,NA
R10,C,PSC,0.07,NA
R11,C,PSC,0.02,NA
R12,C,PSC,0.05,NA
R13,C,PSC,0.14,NA
R14,C,PSC,0.02,NA
R15,C,PSC,0.02,NA
R16,C,PSC,0.05,NA
R17,C,PSC,0.13,NA
R18,C,PSC,0.02,NA
R19,C,PSC,0.005,NA
R20,C,PSC,0.005,NA
R21,C,PSC,0.08,NA
R33,C,PSC,0.02,NA
R39,C,PSC,0.005,NA
R52,C,PSC,0.005,NA
R53,C,PSC,0.005,NA
R44,C,PSC,0.04,NA
R45,C,PSC,0.05,NA
R46,C,PSC,0.04,NA
R47,C,PSC,0.02,NA
R48,C,PSC,0.23,NA
R49,C,PSC,0.09,NA
R50,C,PSC,0.02,NA
R57,C,PSC,0.02,NA
R58,C,PSC,0.005,NA
R59,C,PSC,0.02,NA
R60,C,PSC,0.11,NA
R61,C,PSC,0.11,NA
R62,C,PSC,0.14,NA
R63,C,PSC,0.02,NA
R65,C,PSC,0.06,NA
R78,C,PSC,0.17,NA
R79,C,PSC,0.22,NA
R80,C,PSC,0.17,NA
R81,C,PSC,0.11,NA
R82,C,PSC,0.33,NA
R83,C,PSC,0.33,NA
R84,C,PSC,0.33,NA
R87,C,PSC,0.46,NA
R88,C,PSC,0.07,NA
R89,C,PSC,1.1,NA
R56,C,PSC,0.02,NA
R67,C,PSC,0.05,NA
R68,C,PSC,0.02,NA
R69,C,PSC,0.005,NA
R77,C,PSC,0.005,NA
R85,C,PSC,0.05,NA
R86,C,PSC,0.49,NA
R90,C,PSC,0.02,NA
R101,C,PSC,0.33,NA
R102,C,PSC,0.49,NA
R29,D,PSC,0.02,NA
R30,D,PSC,0.05,NA
R31,D,PSC,0.08,NA
R32,D,PSC,3.5,NA
R35,D,PSC,0.07,NA
R36,D,PSC,0.05,NA
R37,D,PSC,0.005,NA
R38,D,PSC,0.02,NA
R39,D,PSC,0.17,NA
R40,D,PSC,0.07,NA
R41,D,PSC,0.005,NA
R42,D,PSC,9.2,NA
R54,D,PSC,0.08,NA
R70,D,PSC,0.02,NA
R71,D,PSC,0.005,NA
R91,D,PSC,0.05,NA
R92,D,PSC,0.08,NA
R93,D,PSC,0.08,NA
R94,D,PSC,0.79,NA
R95,D,PSC,0.13,NA
R96,D,PSC,0.13,NA
R97,D,PSC,0.13,NA
R98,D,PSC,0.17,NA
R99,D,PSC,0.27,NA
R100,D,PSC,0.05,NA
R1,D,PSC,0.02,NA
R2,D,PSC,0.02,NA
R3,D,PSC,0.02,NA
R4,D,PSC,0.02,NA
R5,D,PSC,0.02,NA
R6,D,PSC,0.06,NA
R7,D,PSC,0.05,NA
R8,D,PSC,0.02,NA
R9,D,PSC,0.08,NA
R10,D,PSC,0.005,NA
R11,D,PSC,0.005,NA
R12,D,PSC,0.02,NA
R13,D,PSC,0.08,NA
R14,D,PSC,0.005,NA
R15,D,PSC,0.08,NA
R16,D,PSC,0.005,NA
R17,D,PSC,0.02,NA
R18,D,PSC,0.005,NA
R19,D,PSC,0.13,NA
R20,D,PSC,0.005,NA
R21,D,PSC,0.04,NA
R22,D,PSC,0.04,NA
R23,D,PSC,0.04,NA
R24,D,PSC,0.22,NA
R25,D,PSC,0.02,NA
R26,D,PSC,0.02,NA
R27,D,PSC,0.13,NA
R28,D,PSC,0.005,NA
R33,D,PSC,0.07,NA
R44,D,PSC,0.17,NA
R45,D,PSC,0.005,NA
R46,D,PSC,0.11,NA
R47,D,PSC,0.005,NA
R48,D,PSC,0.49,NA
R49,D,PSC,0.02,NA
R51,D,PSC,0.23,NA
R53,D,PSC,0.23,NA
R56,D,PSC,0.02,NA
R58,D,PSC,0.005,NA
R59,D,PSC,0.005,NA
R60,D,PSC,0.02,NA
R61,D,PSC,0.02,NA
R62,D,PSC,0.02,NA
R63,D,PSC,0.05,NA
R65,D,PSC,0.05,NA
R66,D,PSC,0.005,NA
R67,D,PSC,0.02,NA
R68,D,PSC,0.005,NA
R69,D,PSC,0.005,NA
R72,D,PSC,0.005,NA
R73,D,PSC,0.005,NA
R74,D,PSC,0.02,NA
R75,D,PSC,0.08,NA
R76,D,PSC,0.005,NA
R77,D,PSC,0.005,NA
R78,D,PSC,0.05,NA
R79,D,PSC,0.04,NA
R80,D,PSC,0.05,NA
R83,D,PSC,0.02,NA
R84,D,PSC,0.05,NA
R85,D,PSC,0.21,NA
R86,D,PSC,0.07,NA
R87,D,PSC,0.02,NA
R88,D,PSC,0.005,NA
R89,D,PSC,0.08,NA
R90,D,PSC,0.05,NA
R101,D,PSC,0.23,NA
R76,C,PSC,0.02,NA
R29,E,PSC,0.02,NA
R30,E,PSC,0.005,NA
R31,E,PSC,0.005,NA
R32,E,PSC,0.005,NA
R33,E,PSC,0.06,NA
R34,E,PSC,0.13,NA
R35,E,PSC,0.08,NA
R36,E,PSC,0.02,NA
R37,E,PSC,0.005,NA
R38,E,PSC,0.04,NA
R39,E,PSC,0.005,NA
R40,E,PSC,0.17,NA
R42,E,PSC,0.49,NA
R44,E,PSC,0.07,NA
R45,E,PSC,0.005,NA
R46,E,PSC,0.27,NA
R47,E,PSC,0.09,NA
R48,E,PSC,5.4,NA
R49,E,PSC,2.4,NA
R50,E,PSC,2.8,NA
R53,E,PSC,0.04,NA
R54,E,PSC,0.005,NA
R55,E,PSC,0.02,NA
R58,E,PSC,0.31,NA
R59,E,PSC,0.05,NA
R60,E,PSC,0.07,NA
R61,E,PSC,0.02,NA
R62,E,PSC,0.05,NA
R63,E,PSC,0.08,NA
R65,E,PSC,0.005,NA
R70,E,PSC,0.005,NA
R71,E,PSC,0.02,NA
R72,E,PSC,0.005,NA
R73,E,PSC,0.005,NA
R74,E,PSC,0.06,NA
R75,E,PSC,0.005,NA
R78,E,PSC,0.09,NA
R79,E,PSC,0.02,NA
R80,E,PSC,0.005,NA
R81,E,PSC,0.05,NA
R83,E,PSC,0.13,NA
R84,E,PSC,0.13,NA
R87,E,PSC,0.005,NA
R88,E,PSC,0.005,NA
R89,E,PSC,0.33,NA
R90,E,PSC,0.33,NA
R91,E,PSC,0.11,NA
R92,E,PSC,0.27,NA
R93,E,PSC,0.02,NA
R82,E,PSC,0.005,NA
R56,E,PSC,0.005,NA
R67,E,PSC,0.08,NA
R68,E,PSC,0.02,NA
R69,E,PSC,0.005,NA
R76,E,PSC,0.005,NA
R77,E,PSC,0.02,NA
R85,E,PSC,0.02,NA
R86,E,PSC,0.11,NA
R94,E,PSC,0.005,NA
R95,E,PSC,0.05,NA
R96,E,PSC,0.02,NA
R97,E,PSC,0.02,NA
R98,E,PSC,0.23,NA
R99,E,PSC,0.005,NA
R100,E,PSC,0.02,NA
R101,E,PSC,0.13,NA
R102,E,PSC,9.2,NA
R29,F,PSC,0.005,NA
R30,F,PSC,0.005,NA
R31,F,PSC,0.005,NA
R32,F,PSC,0.005,NA
R34,F,PSC,0.33,NA
R35,F,PSC,0.13,NA
R36,F,PSC,0.02,NA
R37,F,PSC,0.02,NA
R1,F,PSC,0.005,NA
R2,F,PSC,0.005,NA
R3,F,PSC,0.05,NA
R4,F,PSC,0.005,NA
R5,F,PSC,0.05,NA
R6,F,PSC,0.11,NA
R7,F,PSC,0.005,NA
R8,F,PSC,0.02,NA
R9,F,PSC,0.21,NA
R10,F,PSC,0.005,NA
R11,F,PSC,0.04,NA
R12,F,PSC,0.02,NA
R13,F,PSC,0.02,NA
R14,F,PSC,0.02,NA
R15,F,PSC,0.07,NA
R16,F,PSC,0.005,NA
R17,F,PSC,0.07,NA
R18,F,PSC,0.005,NA
R19,F,PSC,0.26,NA
R20,F,PSC,0.02,NA
R21,F,PSC,0.005,NA
R22,F,PSC,0.005,NA
R26,E,PSC,0.005,NA
R27,E,PSC,0.005,NA
R28,E,PSC,0.005,NA
R66,E,PSC,0.05,NA
R23,F,PSC,0.02,NA
R24,F,PSC,0.14,NA
R25,F,PSC,0.02,NA
R26,F,PSC,0.005,NA
R27,F,PSC,0.005,NA
R28,F,PSC,0.005,NA
R33,F,PSC,0.005,NA
R44,F,PSC,0.05,NA
R45,F,PSC,0.02,NA
R50,F,PSC,0.02,NA
R56,F,PSC,0.005,NA
R58,F,PSC,0.005,NA
R59,F,PSC,0.02,NA
R60,F,PSC,0.02,NA
R61,F,PSC,0.07,NA
R62,F,PSC,0.08,NA
R63,F,PSC,0.005,NA
R65,F,PSC,0.005,NA
R66,F,PSC,0.07,NA
R67,F,PSC,0.02,NA
R69,F,PSC,0.005,NA
R70,F,PSC,0.005,NA
R76,F,PSC,0.02,NA
R77,F,PSC,0.09,NA
R79,F,PSC,0.04,NA
R80,F,PSC,0.04,NA
R81,F,PSC,0.08,NA
R82,F,PSC,0.06,NA
R83,F,PSC,0.08,NA
R84,F,PSC,0.02,NA
R85,F,PSC,0.02,NA
R86,F,PSC,0.02,NA
R87,F,PSC,0.02,NA
R88,F,PSC,0.005,NA
R89,F,PSC,0.08,NA
R90,F,PSC,0.005,NA
R101,F,PSC,0.09,NA
R70,G,PSC,0.02,NA
R71,G,PSC,0.04,NA
R72,G,PSC,0.005,NA
R73,G,PSC,0.02,NA
R74,G,PSC,0.05,NA
R75,G,PSC,0.02,NA
R91,G,PSC,0.02,NA
R92,G,PSC,0.005,NA
R93,G,PSC,0.04,NA
R94,G,PSC,0.05,NA
R95,G,PSC,0.49,NA
R29,B,PSC,0.02,NA
R30,B,PSC,0.13,NA
R31,B,PSC,0.005,NA
R32,B,PSC,0.04,NA
R33,B,PSC,0.08,NA
R34,B,PSC,0.17,NA
R35,B,PSC,0.11,NA
R37,B,PSC,0.34,NA
R38,B,PSC,0.17,NA
R42,B,PSC,1.3,NA
R53,B,PSC,0.08,NA
R54,B,PSC,0.13,NA
R38,F,PSC,0.005,NA
R39,F,PSC,0.02,NA
R40,F,PSC,0.02,NA
R42,F,PSC,5.4,NA
R46,F,PSC,0.02,NA
R47,F,PSC,0.005,NA
R48,F,PSC,0.13,NA
R49,F,PSC,0.02,NA
R53,F,PSC,0.08,NA
R54,F,PSC,0.08,NA
R71,F,PSC,0.005,NA
R73,F,PSC,0.005,NA
R74,F,PSC,0.005,NA
R75,F,PSC,0.02,NA
R91,F,PSC,0.07,NA
R92,F,PSC,0.02,NA
R93,F,PSC,0.14,NA
R94,F,PSC,0.005,NA
R95,F,PSC,0.13,NA
R96,F,PSC,0.005,NA
R97,F,PSC,0.07,NA
R98,F,PSC,0.05,NA
R99,F,PSC,0.17,NA
R100,F,PSC,0.13,NA
R79,G,PSC,0.46,NA
R80,G,PSC,0.07,NA
R81,G,PSC,0.33,NA
R82,G,PSC,0.02,NA
R83,G,PSC,0.17,NA
R84,G,PSC,0.005,NA
R87,G,PSC,0.02,NA
R88,G,PSC,0.005,NA
R89,G,PSC,0.11,NA
R90,G,PSC,0.005,NA
R97,G,PSC,0.08,NA
R98,G,PSC,0.02,NA
R99,G,PSC,0.04,NA
R1,A,MSC,1.5,NA
R2,A,MSC,250,TNTC
R3,A,MSC,8.5,NA
R4,A,MSC,3.5,NA
R5,A,MSC,250,TNTC
R6,A,MSC,1.5,NA
R7,A,MSC,0.5,NA
R8,A,MSC,1.5,NA
R9,A,MSC,2.5,NA
R10,A,MSC,5.5,NA
R11,A,MSC,11.5,NA
R12,A,MSC,98.5,NA
R13,A,MSC,3,NA
R14,A,MSC,2,NA
R15,A,MSC,6.5,NA
R16,A,MSC,0.5,NA
R17,A,MSC,3.5,NA
R18,A,MSC,49.5,NA
R19,A,MSC,4.5,NA
R20,A,MSC,2.5,NA
R21,A,MSC,4.5,NA
R22,A,MSC,0.5,NA
R23,A,MSC,6,NA
R24,A,MSC,10.5,NA
R25,A,MSC,2.5,NA
R1,A,TSC,1,NA
R2,A,TSC,0.5,NA
R3,A,TSC,11,NA
R4,A,TSC,2.5,NA
R5,A,TSC,5.5,NA
R6,A,TSC,1,NA
R7,A,TSC,1,NA
R8,A,TSC,0.5,NA
R9,A,TSC,1.5,NA
R10,A,TSC,1.5,NA
R11,A,TSC,5.5,NA
R12,A,TSC,0.5,NA
R13,A,TSC,1.5,NA
R14,A,TSC,3,NA
R15,A,TSC,6.5,NA
R16,A,TSC,2.5,NA
R17,A,TSC,3.5,NA
R18,A,TSC,25.5,NA
R21,A,TSC,1.5,NA
R19,A,TSC,6,NA
R20,A,TSC,3,NA
R22,A,TSC,1,NA
R23,A,TSC,3,NA
R24,A,TSC,9.5,NA
R25,A,TSC,6,NA
R26,A,MSC,2,NA
R27,A,MSC,0.125,NA
R28,A,MSC,11.5,NA
R29,A,MSC,1,NA
R30,A,MSC,4,NA
R31,A,MSC,2.5,NA
R32,A,MSC,2.5,NA
R33,A,MSC,11.5,NA
R34,A,MSC,17,NA
R35,A,MSC,19,NA
R36,A,MSC,11.5,NA
R37,A,MSC,4.5,NA
R38,A,MSC,4.5,NA
R39,A,MSC,2.5,NA
R40,A,MSC,15,NA
R41,A,MSC,3,NA
R42,A,MSC,54.5,NA
R43,A,MSC,10,NA
R44,A,MSC,28,NA
R45,A,MSC,8,NA
R46,A,MSC,27.5,NA
R47,A,MSC,6,NA
R48,A,MSC,34,NA
R49,A,MSC,9.5,NA
R50,A,MSC,4,NA
R26,A,TSC,0.125,NA
R27,A,TSC,0.125,NA
R28,A,TSC,4,NA
R29,A,TSC,0.125,NA
R30,A,TSC,11,NA
R31,A,TSC,1.5,NA
R32,A,TSC,0.125,NA
R33,A,TSC,6,NA
R34,A,TSC,16,NA
R35,A,TSC,21,NA
R36,A,TSC,1.5,NA
R37,A,TSC,1.5,NA
R38,A,TSC,4,NA
R39,A,TSC,4,NA
R40,A,TSC,9,NA
R41,A,TSC,1,NA
R42,A,TSC,111,NA
R43,A,TSC,6,NA
R44,A,TSC,19,NA
R45,A,TSC,10,only 1 plate
R46,A,TSC,2,NA
R47,A,TSC,10.5,NA
R48,A,TSC,25,NA
R49,A,TSC,4.5,NA
R50,A,TSC,2,NA
R53,A,MSC,1,NA
R52,A,MSC,1,NA
R51,A,MSC,0.5,NA
R56,A,MSC,0.5,NA
R55,A,MSC,0.5,NA
R54,A,MSC,1,NA
R58,A,MSC,0.5,NA
R57,A,MSC,1,NA
R59,A,MSC,8,NA
R60,A,MSC,10,NA
R61,A,MSC,12,NA
R62,A,MSC,6.5,NA
R63,A,MSC,0.125,NA
R64,A,MSC,0.125,NA
R65,A,MSC,0.5,NA
R66,A,MSC,0.125,NA
R67,A,MSC,5.5,NA
R68,A,MSC,3.5,NA
R69,A,MSC,0.125,NA
R70,B,MSC,0.125,NA
R71,B,MSC,3,NA
R72,B,MSC,3.5,NA
R73,B,MSC,8.5,NA
R74,B,MSC,13,NA
R75,B,MSC,6,NA
R51,A,TSC,0.125,NA
R52,A,TSC,0.125,NA
R53,A,TSC,1.5,NA
R54,A,TSC,0.125,NA
R55,A,TSC,5,NA
R56,A,TSC,0.125,NA
R57,A,TSC,0.5,NA
R58,A,TSC,0.125,NA
R59,A,TSC,3,NA
R60,A,TSC,29,NA
R61,A,TSC,8,NA
R62,A,TSC,14.5,NA
R63,A,TSC,2.5,NA
R64,A,TSC,0.125,NA
R65,A,TSC,0.5,NA
R66,A,TSC,0.125,NA
R67,A,TSC,0.125,NA
R68,A,TSC,0.5,NA
R69,A,TSC,0.125,NA
R70,B,TSC,1.5,NA
R71,B,TSC,0.5,NA
R72,B,TSC,1,NA
R73,B,TSC,4,NA
R74,B,TSC,4.5,NA
R75,B,TSC,4,NA
R29,B,TSC,0.125,NA
R30,B,TSC,12.5,NA
R31,B,TSC,4.5,NA
R32,B,TSC,0.5,NA
R33,B,TSC,5,NA
R34,B,TSC,23,NA
R35,B,TSC,16,NA
R37,B,TSC,2.5,NA
R38,B,TSC,5,NA
R42,B,TSC,9,NA
R53,B,TSC,7.5,NA
R54,B,TSC,5,NA
R29,B,MSC,1.5,NA
R30,B,MSC,20.5,NA
R31,B,MSC,3.5,NA
R32,B,MSC,0.5,NA
R33,B,MSC,6,NA
R34,B,MSC,25.5,NA
R35,B,MSC,14,NA
R37,B,MSC,15.5,NA
R38,B,MSC,3.5,NA
R42,B,MSC,37,NA
R53,B,MSC,16,NA
R54,B,MSC,4.5,NA
R36,B,MSC,0.125,NA
R51,B,MSC,4.5,NA
R76,B,MSC,0.125,NA
R77,B,MSC,3.5,NA
R36,B,TSC,1,NA
R51,B,TSC,4,NA
R76,B,TSC,0.5,NA
R77,B,TSC,0.5,NA
R1,B,MSC,4,NA
R2,B,MSC,1,NA
R3,B,MSC,18.5,NA
R4,B,MSC,6,NA
R5,B,MSC,6.5,NA
R6,B,MSC,9,NA
R7,B,MSC,15.5,NA
R8,B,MSC,3.5,NA
R9,B,MSC,2.5,NA
R10,B,MSC,1,NA
R11,B,MSC,6,NA
R12,B,MSC,5,NA
R13,B,MSC,5,NA
R39,B,MSC,8,NA
R40,B,MSC,5,NA
R41,B,MSC,17.5,NA
R44,B,MSC,5.5,NA
R45,B,MSC,31,NA
R46,B,MSC,5.5,NA
R47,B,MSC,4.5,NA
R48,B,MSC,19.5,NA
R49,B,MSC,3.5,NA
R78,B,MSC,12,NA
R79,B,MSC,7,NA
R80,B,MSC,2,NA
R1,B,TSC,2,NA
R2,B,TSC,0.125,NA
R3,B,TSC,11.5,NA
R4,B,TSC,9,NA
R5,B,TSC,3.5,NA
R6,B,TSC,7,NA
R7,B,TSC,13,NA
R8,B,TSC,0.125,NA
R9,B,TSC,2,NA
R10,B,TSC,0.5,NA
R11,B,TSC,7,NA
R12,B,TSC,2,NA
R13,B,TSC,1,NA
R39,B,TSC,5,NA
R40,B,TSC,6,NA
R41,B,TSC,10,NA
R44,B,TSC,3.5,NA
R45,B,TSC,19.5,NA
R46,B,TSC,4.5,NA
R47,B,TSC,6.5,NA
R48,B,TSC,15,NA
R49,B,TSC,4,NA
R78,B,TSC,8,NA
R79,B,TSC,6,NA
R80,B,TSC,0.5,NA
R14,B,MSC,1,NA
R15,B,MSC,10,NA
R16,B,MSC,3.5,NA
R17,B,MSC,10.5,NA
R18,B,MSC,41.5,NA
R19,B,MSC,13,NA
R20,B,MSC,1,NA
R21,B,MSC,3.5,NA
R22,B,MSC,1.5,NA
R23,B,MSC,4.5,NA
R24,B,MSC,95,NA
R25,B,MSC,62,NA
R26,B,MSC,7,NA
R27,B,MSC,7,NA
R28,B,MSC,0.125,NA
R50,B,MSC,2,NA
R55,B,MSC,1.5,NA
R58,B,MSC,8,NA
R59,B,MSC,10.5,NA
R60,B,MSC,9,NA
R61,B,MSC,3.5,NA
R62,B,MSC,1,NA
R63,B,MSC,2,NA
R65,B,MSC,1,NA
R66,B,MSC,0.5,NA
R14,B,TSC,0.125,NA
R15,B,TSC,6,NA
R16,B,TSC,0.125,NA
R17,B,TSC,3.5,NA
R18,B,TSC,7.5,NA
R19,B,TSC,3.5,NA
R20,B,TSC,0.125,NA
R21,B,TSC,3,NA
R22,B,TSC,0.5,NA
R23,B,TSC,2.5,NA
R24,B,TSC,6.5,NA
R25,B,TSC,2.5,NA
R26,B,TSC,1.5,NA
R27,B,TSC,4.5,NA
R28,B,TSC,0.5,NA
R50,B,TSC,0.125,NA
R55,B,TSC,0.125,NA
R58,B,TSC,2.5,NA
R59,B,TSC,2,NA
R60,B,TSC,26.5,NA
R61,B,TSC,0.125,NA
R62,B,TSC,16.5,NA
R63,B,TSC,0.125,NA
R65,B,TSC,0.125,NA
R66,B,TSC,0.125,NA
R86,A,MSC,3,NA
R68,B,MSC,0.125,NA
R69,B,MSC,0.125,NA
R81,B,MSC,34.5,NA
R82,B,MSC,12.5,NA
R83,B,MSC,26,NA
R84,B,MSC,30.5,NA
R85,B,MSC,10.5,NA
R86,B,MSC,7.5,NA
R87,B,MSC,4.5,NA
R88,B,MSC,7.5,NA
R89,B,MSC,8.5,NA
R90,B,MSC,3.5,NA
R29,C,MSC,4.5,NA
R30,C,MSC,34.5,NA
R31,C,MSC,0.5,NA
R32,C,MSC,1,NA
R35,C,MSC,2.5,NA
R36,C,MSC,10,NA
R37,C,MSC,1,NA
R42,C,MSC,35,NA
R38,C,MSC,71.5,NA
R54,C,MSC,9,NA
R70,C,MSC,3,NA
R71,C,MSC,0.5,NA
R86,A,TSC,1,NA
R68,B,TSC,0.125,NA
R69,B,TSC,0.125,NA
R81,B,TSC,5,NA
R82,B,TSC,2,NA
R83,B,TSC,7,NA
R84,B,TSC,4,NA
R85,B,TSC,3,NA
R86,B,TSC,2.5,NA
R87,B,TSC,7.5,NA
R88,B,TSC,0.125,NA
R89,B,TSC,1.5,NA
R30,C,TSC,6.5,NA
R90,B,TSC,0.5,NA
R31,C,TSC,0.125,NA
R32,C,TSC,1,NA
R35,C,TSC,4,NA
R36,C,TSC,0.125,NA
R37,C,TSC,2.5,NA
R38,C,TSC,8.5,NA
R42,C,TSC,24.5,NA
R54,C,TSC,11.5,NA
R70,C,TSC,2.5,NA
R71,C,TSC,0.5,NA
R22,C,MSC,2.5,NA
R23,C,MSC,1.5,NA
R24,C,MSC,11.5,NA
R25,C,MSC,7.5,NA
R26,C,MSC,1,NA
R27,C,MSC,1,NA
R28,C,MSC,9,NA
R34,C,MSC,24,NA
R40,C,MSC,4,NA
R41,C,MSC,7.5,NA
R51,C,MSC,0.125,NA
R72,C,MSC,2.5,NA
R73,C,MSC,3.5,NA
R74,C,MSC,12.5,NA
R75,C,MSC,11,NA
R91,C,MSC,4.5,NA
R92,C,MSC,16,NA
R93,C,MSC,6,NA
R94,C,MSC,0.5,NA
R95,C,MSC,31,NA
R96,C,MSC,8.5,NA
R97,C,MSC,3,NA
R98,C,MSC,0.5,NA
R99,C,MSC,8,NA
R100,C,MSC,24.5,NA
R22,C,TSC,3,NA
R23,C,TSC,3,NA
R24,C,TSC,8,NA
R25,C,TSC,1.5,NA
R26,C,TSC,2.5,NA
R27,C,TSC,0.125,NA
R28,C,TSC,8.5,NA
R34,C,TSC,11,NA
R40,C,TSC,5.5,NA
R41,C,TSC,5,NA
R51,C,TSC,0.125,NA
R72,C,TSC,1.5,NA
R73,C,TSC,0.125,NA
R74,C,TSC,5,NA
R75,C,TSC,2.5,NA
R91,C,TSC,8,NA
R92,C,TSC,10.5,NA
R93,C,TSC,8,NA
R94,C,TSC,0.5,NA
R95,C,TSC,12.5,NA
R96,C,TSC,6,NA
R97,C,TSC,2.5,NA
R98,C,TSC,0.125,NA
R99,C,TSC,5,NA
R8,E,MSC,160,NA
R100,C,TSC,24.5,NA
R1,C,MSC,1,NA
R2,C,MSC,0.5,NA
R3,C,MSC,21.5,NA
R4,C,MSC,34,NA
R5,C,MSC,5.5,NA
R6,C,MSC,12,NA
R7,C,MSC,1,NA
R8,C,MSC,3,NA
R9,C,MSC,31.5,NA
R10,C,MSC,14.5,NA
R11,C,MSC,2,NA
R12,C,MSC,4.5,NA
R13,C,MSC,8.5,NA
R14,C,MSC,3,NA
R15,C,MSC,20,NA
R16,C,MSC,14,NA
R17,C,MSC,11,NA
R18,C,MSC,50.5,NA
R19,C,MSC,18,NA
R20,C,MSC,1.5,NA
R21,C,MSC,48,NA
R33,C,MSC,0.125,NA
R39,C,MSC,7,NA
R52,C,MSC,4.5,NA
R53,C,MSC,10,NA
R1,C,TSC,2,NA
R2,C,TSC,0.5,NA
R3,C,TSC,9,NA
R4,C,TSC,12,NA
R5,C,TSC,0.125,NA
R6,C,TSC,3,NA
R7,C,TSC,0.125,NA
R8,C,TSC,0.125,NA
R9,C,TSC,21.5,NA
R10,C,TSC,5.5,NA
R11,C,TSC,1,NA
R12,C,TSC,4.5,NA
R13,C,TSC,3.5,NA
R14,C,TSC,2.5,NA
R15,C,TSC,16.5,NA
R16,C,TSC,14,NA
R17,C,TSC,6,NA
R18,C,TSC,17.5,NA
R19,C,TSC,10.5,NA
R20,C,TSC,0.125,NA
R21,C,TSC,31,NA
R33,C,TSC,2,NA
R39,C,TSC,6.5,NA
R52,C,TSC,5.5,NA
R53,C,TSC,7.5,NA
R44,C,MSC,12.5,NA
R45,C,MSC,6,NA
R46,C,MSC,29.5,NA
R47,C,MSC,4,NA
R48,C,MSC,45.5,NA
R49,C,MSC,6.5,NA
R50,C,MSC,5.5,NA
R57,C,MSC,5,NA
R58,C,MSC,16.5,NA
R59,C,MSC,10,NA
R60,C,MSC,4,NA
R61,C,MSC,6,NA
R62,C,MSC,16.5,NA
R63,C,MSC,3.5,NA
R65,C,MSC,3.5,NA
R78,C,MSC,33,NA
R79,C,MSC,47,NA
R80,C,MSC,54,NA
R81,C,MSC,7.5,NA
R82,C,MSC,17,NA
R83,C,MSC,18.5,NA
R84,C,MSC,13.5,NA
R87,C,MSC,8,NA
R88,C,MSC,3,NA
R89,C,MSC,13,NA
R44,C,TSC,22,NA
R45,C,TSC,4.5,NA
R46,C,TSC,12.5,NA
R47,C,TSC,2.5,NA
R48,C,TSC,26.5,NA
R49,C,TSC,6.5,NA
R50,C,TSC,1,NA
R57,C,TSC,6.5,NA
R58,C,TSC,8.5,NA
R59,C,TSC,16.5,NA
R60,C,TSC,8,NA
R61,C,TSC,5,NA
R62,C,TSC,21,NA
R63,C,TSC,1.5,NA
R65,C,TSC,1.5,NA
R78,C,TSC,33.5,NA
R79,C,TSC,41,NA
R80,C,TSC,22.5,NA
R81,C,TSC,7,NA
R82,C,TSC,6.5,NA
R83,C,TSC,11.5,NA
R84,C,TSC,11,NA
R87,C,TSC,9,NA
R88,C,TSC,3,NA
R89,C,TSC,12,NA
R56,C,MSC,3.5,NA
R67,C,MSC,8,NA
R68,C,MSC,0.5,NA
R69,C,MSC,0.125,NA
R77,C,MSC,3,NA
R85,C,MSC,11.5,NA
R86,C,MSC,5.5,NA
R90,C,MSC,3.5,NA
R101,C,MSC,36.5,NA
R102,C,MSC,59,NA
R56,C,TSC,1,NA
R67,C,TSC,1,NA
R68,C,TSC,0.125,NA
R69,C,TSC,0.125,NA
R77,C,TSC,2,NA
R85,C,TSC,18,NA
R86,C,TSC,16.5,NA
R90,C,TSC,1,NA
R101,C,TSC,62.5,NA
R102,C,TSC,7.5,NA
R29,D,MSC,1,NA
R30,D,MSC,1.5,NA
R31,D,MSC,6,NA
R32,D,MSC,19.5,NA
R35,D,MSC,12,NA
R36,D,MSC,5,NA
R37,D,MSC,2,NA
R38,D,MSC,6.5,NA
R39,D,MSC,4,NA
R40,D,MSC,14,NA
R41,D,MSC,5,NA
R42,D,MSC,79.5,NA
R54,D,MSC,5.5,NA
R70,D,MSC,0.125,NA
R71,D,MSC,8.5,NA
R91,D,MSC,14,NA
R92,D,MSC,3.5,NA
R93,D,MSC,3,NA
R94,D,MSC,13,NA
R95,D,MSC,11.5,NA
R96,D,MSC,13.5,NA
R97,D,MSC,7,NA
R98,D,MSC,5,NA
R99,D,MSC,23,NA
R100,D,MSC,20,NA
R29,D,TSC,0.125,NA
R30,D,TSC,1.5,NA
R31,D,TSC,0.125,NA
R32,D,TSC,0.125,NA
R35,D,TSC,5,NA
R36,D,TSC,5,NA
R37,D,TSC,2,NA
R38,D,TSC,6,NA
R39,D,TSC,12,NA
R40,D,TSC,1.5,NA
R41,D,TSC,7,NA
R42,D,TSC,49.5,NA
R54,D,TSC,3.5,NA
R70,D,TSC,0.125,NA
R71,D,TSC,13.5,NA
R91,D,TSC,6,NA
R92,D,TSC,2,NA
R93,D,TSC,2,NA
R94,D,TSC,11,NA
R95,D,TSC,16.5,NA
R96,D,TSC,11.5,NA
R97,D,TSC,4,NA
R98,D,TSC,4,NA
R99,D,TSC,17,NA
R100,D,TSC,9,NA
R2,D,MSC,0.125,NA
R3,D,MSC,9.5,NA
R4,D,MSC,3.5,NA
R5,D,MSC,2.5,NA
R6,D,MSC,3.5,NA
R7,D,MSC,4,NA
R8,D,MSC,6,NA
R9,D,MSC,3,NA
R10,D,MSC,1,NA
R11,D,MSC,4,NA
R12,D,MSC,3.5,NA
R13,D,MSC,18,NA
R14,D,MSC,2,NA
R15,D,MSC,5.5,NA
R16,D,MSC,8.5,NA
R17,D,MSC,7,NA
R18,D,MSC,1,NA
R19,D,MSC,29.5,NA
R20,D,MSC,0.5,NA
R21,D,MSC,9.5,NA
R22,D,MSC,9,NA
R23,D,MSC,8,NA
R24,D,MSC,26.5,NA
R25,D,MSC,2,NA
R1,D,MSC,1.5,NA
R1,D,TSC,1,NA
R2,D,TSC,0.5,NA
R3,D,TSC,4,NA
R4,D,TSC,2.5,NA
R5,D,TSC,0.125,NA
R6,D,TSC,0.125,NA
R7,D,TSC,3,NA
R8,D,TSC,1.5,NA
R9,D,TSC,0.125,NA
R10,D,TSC,1,NA
R11,D,TSC,3,NA
R12,D,TSC,1,NA
R13,D,TSC,6,NA
R14,D,TSC,1,NA
R15,D,TSC,4.5,NA
R16,D,TSC,3.5,NA
R17,D,TSC,3,NA
R18,D,TSC,0.5,NA
R19,D,TSC,18.5,NA
R20,D,TSC,1,NA
R21,D,TSC,8.5,NA
R22,D,TSC,4,NA
R23,D,TSC,2.5,NA
R24,D,TSC,7.5,NA
R25,D,TSC,1,NA
R26,D,TSC,6.5,NA
R27,D,TSC,2.5,NA
R28,D,TSC,6.5,NA
R33,D,TSC,5.5,NA
R44,D,TSC,11.5,NA
R45,D,TSC,2,NA
R46,D,TSC,6.5,NA
R47,D,TSC,4,NA
R48,D,TSC,12.5,NA
R49,D,TSC,7.5,NA
R51,D,TSC,5,NA
R53,D,TSC,7,NA
R56,D,TSC,8.5,NA
R58,D,TSC,8,NA
R59,D,TSC,3.5,NA
R60,D,TSC,8,NA
R61,D,TSC,3.5,NA
R62,D,TSC,27,NA
R63,D,TSC,7.5,NA
R65,D,TSC,3,NA
R66,D,TSC,1,NA
R67,D,TSC,1,NA
R68,D,TSC,0.5,NA
R69,D,TSC,0.125,NA
R72,D,TSC,11.5,NA
R73,D,MSC,29,NA
R74,D,MSC,25,NA
R75,D,MSC,19,NA
R76,D,MSC,5,NA
R77,D,MSC,0.5,NA
R78,D,MSC,9,NA
R79,D,MSC,47,NA
R80,D,MSC,31,NA
R83,D,MSC,19,NA
R84,D,MSC,10,NA
R85,D,MSC,24.5,NA
R86,D,MSC,18.5,NA
R87,D,MSC,10.5,NA
R88,D,MSC,1,NA
R89,D,MSC,27,NA
R90,D,MSC,12,NA
R101,D,MSC,46.5,NA
R76,C,MSC,0.5,NA
R73,D,TSC,8,NA
R74,D,TSC,8,NA
R75,D,TSC,13,NA
R76,D,TSC,0.125,NA
R77,D,TSC,0.5,NA
R78,D,TSC,18.5,NA
R79,D,TSC,24.5,NA
R80,D,TSC,13,NA
R83,D,TSC,13,NA
R84,D,TSC,10,NA
R85,D,TSC,21,NA
R86,D,TSC,18.5,NA
R87,D,TSC,8,NA
R88,D,TSC,0.5,NA
R89,D,TSC,15,NA
R90,D,TSC,6,NA
R101,D,TSC,21.5,NA
R76,C,TSC,0.125,NA
R73,D,APC,1190,NA
R74,D,APC,1170,NA
R75,D,APC,1460,NA
R76,D,APC,530,NA
R77,D,APC,660,NA
R78,D,APC,700,NA
R79,D,APC,1720,NA
R80,D,APC,2410,NA
R83,D,APC,1170,NA
R84,D,APC,6790,NA
R85,D,APC,5220,NA
R86,D,APC,1070,NA
R87,D,APC,220,NA
R88,D,APC,630,NA
R89,D,APC,9780,NA
R90,D,APC,1760,NA
R101,D,APC,1020,NA
R76,C,APC,180,NA
R29,E,MSC,0.125,NA
R30,E,MSC,8,NA
R31,E,MSC,0.125,NA
R32,E,MSC,0.125,NA
R33,E,MSC,198,NA
R34,E,MSC,26,NA
R35,E,MSC,16.5,NA
R36,E,MSC,6,NA
R37,E,MSC,3,NA
R38,E,MSC,5.5,NA
R39,E,MSC,0.125,NA
R40,E,MSC,2,NA
R42,E,MSC,296,NA
R44,E,MSC,13,NA
R45,E,MSC,17,NA
R46,E,MSC,46,NA
R47,E,MSC,2.5,NA
R48,E,MSC,13.5,NA
R49,E,MSC,15,NA
R50,E,MSC,2.5,NA
R53,E,MSC,2,NA
R54,E,MSC,3.5,NA
R55,E,MSC,2,NA
R58,E,MSC,24.5,NA
R59,E,MSC,43,NA
R29,E,TSC,0.125,NA
R30,E,TSC,4,NA
R31,E,TSC,1,NA
R32,E,TSC,0.125,NA
R33,E,TSC,2.5,NA
R34,E,TSC,8,NA
R35,E,TSC,6,NA
R36,E,TSC,2.5,NA
R37,E,TSC,4,NA
R38,E,TSC,6.5,NA
R39,E,TSC,9,NA
R40,E,TSC,6,NA
R42,E,TSC,31,NA
R44,E,TSC,4.5,NA
R45,E,TSC,3,NA
R46,E,TSC,11,NA
R47,E,TSC,2,NA
R48,E,TSC,3,NA
R49,E,TSC,3,NA
R50,E,TSC,0.125,NA
R53,E,TSC,5.5,NA
R54,E,TSC,0.5,NA
R55,E,TSC,2.5,NA
R58,E,TSC,10,NA
R59,E,TSC,16.5,NA
R29,E,APC,650,NA
R30,E,APC,540,NA
R31,E,APC,530,NA
R32,E,APC,770,NA
R33,E,APC,1550,NA
R34,E,APC,4340,NA
R35,E,APC,670,NA
R36,E,APC,370,NA
R37,E,APC,4100,NA
R38,E,APC,5840,NA
R39,E,APC,1100,NA
R40,E,APC,1350,NA
R42,E,APC,3970,NA
R44,E,APC,450,NA
R45,E,APC,1880,NA
R46,E,APC,1440,NA
R47,E,APC,23700,NA
R48,E,APC,700,NA
R49,E,APC,1590,NA
R50,E,APC,1590,NA
R53,E,APC,3330,NA
R54,E,APC,850,NA
R55,E,APC,1420,NA
R58,E,APC,560,NA
R59,E,APC,660,NA
R60,E,APC,2990,NA
R61,E,APC,140,NA
R62,E,APC,560,NA
R63,E,APC,1310,NA
R65,E,APC,690,NA
R70,E,APC,1180,NA
R71,E,APC,480,NA
R72,E,APC,1560,NA
R73,E,APC,460,NA
R74,E,APC,15200,NA
R75,E,APC,540,NA
R78,E,APC,1100,NA
R79,E,APC,142000,NA
R80,E,APC,860,NA
R81,E,APC,2420,NA
R82,E,APC,1430,NA
R83,E,APC,570,NA
R84,E,APC,7260,NA
R87,E,APC,270,NA
R88,E,APC,320,NA
R89,E,APC,210000,NA
R90,E,APC,550,NA
R91,E,APC,210,NA
R92,E,APC,6750,NA
R93,E,APC,200,NA
R60,E,MSC,2,NA
R61,E,MSC,6,NA
R62,E,MSC,19,NA
R63,E,MSC,2.5,NA
R65,E,MSC,0.5,NA
R70,E,MSC,1,NA
R71,E,MSC,7,NA
R72,E,MSC,6.5,NA
R73,E,MSC,8.5,NA
R74,E,MSC,10,NA
R75,E,MSC,20.5,NA
R78,E,MSC,8.5,NA
R79,E,MSC,10.5,NA
R80,E,MSC,3,NA
R81,E,MSC,35,NA
R82,E,MSC,4.5,NA
R83,E,MSC,10,NA
R84,E,MSC,18.5,NA
R87,E,MSC,4.5,NA
R88,E,MSC,1.5,NA
R89,E,MSC,5,NA
R90,E,MSC,12,NA
R91,E,MSC,15,NA
R92,E,MSC,20,NA
R93,E,MSC,7.5,NA
R60,E,TSC,4.5,NA
R61,E,TSC,2,NA
R62,E,TSC,4,NA
R63,E,TSC,2.5,NA
R65,E,TSC,0.125,NA
R70,E,TSC,0.125,NA
R71,E,TSC,5.5,NA
R72,E,TSC,3.5,NA
R73,E,TSC,4.5,NA
R74,E,TSC,4.5,NA
R75,E,TSC,7.5,NA
R78,E,TSC,16.5,NA
R79,E,TSC,8,NA
R80,E,TSC,2.5,NA
R81,E,TSC,12.5,NA
R82,E,TSC,2.5,NA
R83,E,TSC,3.5,NA
R84,E,TSC,6,NA
R87,E,TSC,3.5,NA
R88,E,TSC,3,NA
R89,E,TSC,1.5,NA
R90,E,TSC,16,NA
R91,E,TSC,7.5,NA
R92,E,TSC,13,NA
R93,E,TSC,7.5,NA
R56,E,APC,710,NA
R67,E,APC,4850,NA
R68,E,APC,1920,NA
R69,E,APC,670,NA
R76,E,APC,460,NA
R77,E,APC,7610,NA
R85,E,APC,3240,NA
R86,E,APC,1710,NA
R94,E,APC,1440,NA
R95,E,APC,1520,NA
R96,E,APC,1560,NA
R97,E,APC,1580,NA
R98,E,APC,4840,NA
R99,E,APC,8190,NA
R100,E,APC,44400,NA
R101,E,APC,560,NA
R102,E,APC,102000,NA
R29,F,APC,920,NA
R30,F,APC,1020,NA
R31,F,APC,410,NA
R32,F,APC,2380,NA
R34,F,APC,6030,NA
R35,F,APC,980,NA
R36,F,APC,600,NA
R37,F,APC,25000,NA
R56,E,MSC,12.5,NA
R67,E,MSC,7.5,NA
R68,E,MSC,2,NA
R69,E,MSC,0.5,NA
R76,E,MSC,0.5,NA
R77,E,MSC,4.5,NA
R85,E,MSC,11,NA
R86,E,MSC,11,NA
R94,E,MSC,2.5,NA
R95,E,MSC,45.5,NA
R96,E,MSC,29.5,NA
R97,E,MSC,5.5,NA
R31,F,MSC,0.125,NA
R32,F,MSC,40,NA
R35,F,MSC,0.125,NA
R37,F,MSC,1.5,NA
R56,E,TSC,18.5,NA
R67,E,TSC,17,NA
R68,E,TSC,0.125,NA
R69,E,TSC,0.125,NA
R76,E,TSC,0.125,NA
R77,E,TSC,3,NA
R86,E,TSC,10,only 1 plate
R94,E,TSC,5,only 1 plate
R95,E,TSC,8.5,NA
R96,E,TSC,14.5,NA
R97,E,TSC,1.5,NA
R98,E,TSC,2,NA
R99,E,TSC,0.125,NA
R100,E,TSC,0.125,NA
R101,E,TSC,1,NA
R29,F,TSC,0.125,NA
R30,F,TSC,1.5,NA
R31,F,TSC,4.5,NA
R32,F,TSC,2,NA
R34,F,TSC,7.5,NA
R35,F,TSC,6,NA
R37,F,TSC,0.125,NA
R1,E,MSC,10,NA
R2,E,MSC,5,NA
R3,E,MSC,60,NA
R4,E,MSC,10,NA
R5,E,MSC,45,NA
R6,E,MSC,45,NA
R7,E,MSC,35,NA
R9,E,MSC,55,NA
R10,E,MSC,10,NA
R11,E,MSC,565,NA
R12,E,MSC,20,NA
R13,E,MSC,250,NA
R14,E,MSC,20,NA
R15,E,MSC,195,NA
R16,E,MSC,10,NA
R17,E,MSC,55,NA
R18,E,MSC,15,NA
R19,E,MSC,35,NA
R21,E,MSC,50,NA
R22,E,MSC,90,NA
R23,E,MSC,20,NA
R24,E,MSC,130,NA
R25,E,MSC,40,NA
R1,E,TSC,0.5,NA
R2,E,TSC,0.125,NA
R3,E,TSC,15.5,NA
R4,E,TSC,0.125,NA
R5,E,TSC,1,NA
R6,E,TSC,4.5,NA
R7,E,TSC,1,NA
R8,E,TSC,10,NA
R9,E,TSC,6.5,NA
R10,E,TSC,0.125,NA
R11,E,TSC,22,NA
R12,E,TSC,1.5,NA
R13,E,TSC,2.5,NA
R14,E,TSC,0.125,NA
R15,E,TSC,5.5,NA
R16,E,TSC,1.5,NA
R17,E,TSC,1,NA
R18,E,TSC,3.5,NA
R19,E,TSC,31,NA
R20,E,TSC,7,NA
R21,E,TSC,4.5,NA
R22,E,TSC,6,NA
R23,E,TSC,5.5,NA
R24,E,TSC,5.5,NA
R25,E,TSC,3,NA
R38,F,MSC,2.5,NA
R39,F,MSC,0.5,NA
R40,F,MSC,21.5,NA
R42,F,MSC,111,NA
R46,F,MSC,13.5,NA
R47,F,MSC,17,NA
R48,F,MSC,47.5,NA
R49,F,MSC,4.5,NA
R53,F,MSC,4,NA
R54,F,MSC,154,NA
R71,F,MSC,9.5,NA
R73,F,MSC,13,NA
R74,F,MSC,22,NA
R75,F,MSC,10,NA
R91,F,MSC,34,NA
R92,F,MSC,18,NA
R93,F,MSC,17.5,NA
R94,F,MSC,3.5,NA
R95,F,MSC,79.5,NA
R96,F,MSC,2,NA
R97,F,MSC,8.5,NA
R98,F,MSC,13.5,NA
R99,F,MSC,93,NA
R100,F,MSC,86,NA
R38,F,TSC,5,NA
R39,F,TSC,4.5,NA
R40,F,TSC,5.5,NA
R42,F,TSC,51,NA
R46,F,TSC,15.5,NA
R47,F,TSC,21.5,NA
R48,F,TSC,28,NA
R49,F,TSC,8,NA
R53,F,TSC,0.5,NA
R54,F,TSC,10.5,NA
R71,F,TSC,6.5,NA
R73,F,TSC,7.5,NA
R74,F,TSC,5,NA
R75,F,TSC,0.5,NA
R91,F,TSC,10.5,NA
R92,F,TSC,13.5,NA
R93,F,TSC,16,NA
R94,F,TSC,3.5,NA
R95,F,TSC,40.5,NA
R96,F,TSC,0.5,NA
R97,F,TSC,9,NA
R98,F,TSC,3.5,NA
R99,F,TSC,23.5,NA
R100,F,TSC,12.5,NA
R38,F,APC,50500,NA
R39,F,APC,750,NA
R40,F,APC,1020,NA
R42,F,APC,2580,NA
R46,F,APC,2320,NA
R47,F,APC,12200,NA
R48,F,APC,180,NA
R49,F,APC,290,NA
R53,F,APC,3420,NA
R54,F,APC,1280,NA
R71,F,APC,1370,NA
R73,F,APC,3340,NA
R74,F,APC,670,NA
R75,F,APC,540,NA
R91,F,APC,1430,NA
R92,F,APC,470,NA
R93,F,APC,500,NA
R94,F,APC,2640,NA
R95,F,APC,1200,NA
R96,F,APC,690,NA
R97,F,APC,830,NA
R98,F,APC,880,NA
R99,F,APC,2060,NA
R100,F,APC,2420,NA
R26,E,MSC,3,NA
R27,E,MSC,9.5,NA
R28,E,MSC,3.5,NA
R1,F,MSC,2,NA
R2,F,MSC,0.125,NA
R3,F,MSC,7,NA
R4,F,MSC,6.5,NA
R5,F,MSC,8,NA
R6,F,MSC,7.5,NA
R7,F,MSC,0.125,NA
R8,F,MSC,20.5,other 8-E was 160
R9,F,MSC,8,NA
R10,F,MSC,33,NA
R11,F,MSC,15,NA
R12,F,MSC,3.5,NA
R13,F,MSC,1,NA
R14,F,MSC,2.5,NA
R15,F,MSC,22,NA
R16,F,MSC,7.5,NA
R17,F,MSC,5,NA
R18,F,MSC,6.5,NA
R19,F,MSC,12,NA
R20,F,MSC,1,NA
R21,F,MSC,4.5,NA
R22,F,MSC,10,NA
R26,E,TSC,2,NA
R27,E,TSC,0.5,NA
R28,E,TSC,0.125,NA
R1,F,TSC,1,NA
R2,F,TSC,0.5,NA
R3,F,TSC,9,NA
R4,F,TSC,1.5,NA
R5,F,TSC,7,NA
R6,F,TSC,5.5,NA
R7,F,TSC,0.125,NA
R8,F,TSC,4,NA
R9,F,TSC,7,NA
R10,F,TSC,1,NA
R11,F,TSC,4.5,NA
R12,F,TSC,0.5,NA
R13,F,TSC,0.125,NA
R14,F,TSC,0.5,NA
R15,F,TSC,9.5,NA
R16,F,TSC,4,NA
R17,F,TSC,3.5,NA
R18,F,TSC,8,NA
R19,F,TSC,9,NA
R20,F,TSC,2,NA
R21,F,TSC,0.125,NA
R22,F,TSC,8.5,NA
R66,E,MSC,0.525,NA
R23,F,MSC,2.63,NA
R24,F,MSC,39.9,NA
R25,F,MSC,1.58,NA
R26,F,MSC,0.125,NA
R27,F,MSC,3.67,NA
R28,F,MSC,2.1,NA
R33,F,MSC,5.5,NA
R44,F,MSC,10,NA
R45,F,MSC,10.5,NA
R50,F,MSC,0.125,NA
R56,F,MSC,3.5,NA
R58,F,MSC,5.5,NA
R59,F,MSC,8.5,NA
R60,F,MSC,14.5,NA
R61,F,MSC,0.5,NA
R62,F,MSC,34.5,NA
R63,F,MSC,1,NA
R65,F,MSC,3.5,NA
R66,F,MSC,0.5,NA
R67,F,MSC,5.5,NA
R69,F,MSC,0.125,NA
R70,F,MSC,0.125,NA
R76,F,MSC,0.125,NA
R77,F,MSC,4.5,NA
R66,E,TSC,0.5,NA
R23,F,TSC,0.5,NA
R24,F,TSC,18.5,NA
R25,F,TSC,0.125,NA
R26,F,TSC,0.125,NA
R27,F,TSC,1.5,NA
R28,F,TSC,0.125,NA
R33,F,TSC,5.5,NA
R44,F,TSC,11,NA
R45,F,TSC,7.5,NA
R50,F,TSC,0.125,NA
R56,F,TSC,11.5,NA
R58,F,TSC,8.5,NA
R59,F,TSC,11.5,NA
R60,F,TSC,7.5,NA
R61,F,TSC,1,NA
R62,F,TSC,14,NA
R63,F,TSC,0.5,NA
R65,F,TSC,1,NA
R66,F,TSC,0.125,NA
R67,F,TSC,4.5,NA
R69,F,TSC,0.125,NA
R70,F,TSC,0.125,NA
R76,F,TSC,0.125,NA
R77,F,TSC,1,NA
R79,F,MSC,22,NA
R80,F,MSC,22,NA
R81,F,MSC,24.5,NA
R82,F,MSC,9,NA
R83,F,MSC,12.5,NA
R84,F,MSC,3,NA
R85,F,MSC,13,NA
R86,F,MSC,14.5,NA
R87,F,MSC,20,NA
R88,F,MSC,17,NA
R89,F,MSC,6.5,NA
R90,F,MSC,1.5,NA
R101,F,MSC,38.5,NA
R70,G,MSC,3.5,NA
R71,G,MSC,7.5,NA
R72,G,MSC,14.5,NA
R73,G,MSC,16.5,NA
R74,G,MSC,26,NA
R75,G,MSC,8.5,NA
R91,G,MSC,17,NA
R92,G,MSC,10.5,NA
R93,G,MSC,19,NA
R94,G,MSC,41.5,NA
R95,G,MSC,62,NA
R96,G,MSC,13.5,NA
R79,F,TSC,8.5,NA
R80,F,TSC,14.5,NA
R81,F,TSC,11.5,NA
R82,F,TSC,4,NA
R83,F,TSC,10,NA
R84,F,TSC,0.5,NA
R85,F,TSC,6,NA
R86,F,TSC,5.5,NA
R87,F,TSC,14.5,NA
R88,F,TSC,0.5,NA
R89,F,TSC,1,NA
R90,F,TSC,2,NA
R101,F,TSC,21.5,NA
R70,G,TSC,2,NA
R71,G,TSC,4,NA
R72,G,TSC,3,NA
R73,G,TSC,5,NA
R74,G,TSC,4.5,NA
R75,G,TSC,4,NA
R91,G,TSC,9,NA
R92,G,TSC,8.5,NA
R93,G,TSC,9.5,NA
R94,G,TSC,13.5,NA
R95,G,TSC,32.5,NA
R96,G,TSC,7,NA
R79,G,MSC,83,NA
R80,G,MSC,14.5,NA
R81,G,MSC,20.5,NA
R82,G,MSC,7,NA
R83,G,MSC,7,NA
R84,G,MSC,2,NA
R87,G,MSC,29,NA
R88,G,MSC,3,NA
R89,G,MSC,6,NA
R90,G,MSC,1.5,NA
R97,G,MSC,7.5,NA
R98,G,MSC,4.5,NA
R99,G,MSC,6.5,NA
R79,G,TSC,32,NA
R80,G,TSC,11,NA
R81,G,TSC,19.5,NA
R82,G,TSC,0.125,NA
R83,G,TSC,5,NA
R84,G,TSC,0.5,NA
R87,G,TSC,3.5,NA
R88,G,TSC,1,NA
R89,G,TSC,5.5,NA
R90,G,TSC,1,NA
R97,G,TSC,12,NA
R98,G,TSC,0.125,NA
R99,G,TSC,14.5,NA
R91,H,MSC,14,NA
R92,H,MSC,16,NA
R93,H,MSC,8,NA
R95,H,MSC,34.5,NA
R96,H,MSC,81.5,NA
R98,H,MSC,0.125,NA
R99,H,MSC,42.5,NA
R91,H,TSC,11.5,NA
R92,H,TSC,5.5,NA
R93,H,TSC,4.5,NA
R95,H,TSC,11.5,NA
R96,H,TSC,30,NA
R98,H,TSC,5.5,NA
R99,H,TSC,29.5,NA
R25,A,APC,457.1239166,NA
R24,A,APC,1163.854004,NA
R23,A,APC,4250.274658,NA
R22,A,APC,810.4797974,NA
R21,A,APC,1066.167389,NA
R20,A,APC,2422.658203,NA
R19,A,APC,537.4541016,NA
R18,A,APC,2219.376099,NA
R17,A,APC,521.3747406,NA
R16,A,APC,506.1368256,NA
R15,A,APC,6760.337402,NA
R14,A,APC,500.8233948,NA
R13,A,APC,22672.60645,NA
R12,A,APC,4361.128906,NA
R11,A,APC,133.1107101,NA
R10,A,APC,620,NA
R9,A,APC,1986.762573,NA
R8,A,APC,421.1241455,NA
R7,A,APC,480,NA
R6,A,APC,3870,NA
R5,A,APC,1086.164246,NA
R4,A,APC,2827.038086,NA
R3,A,APC,505.2396698,NA
R2,A,APC,557.2268372,NA
R1,A,APC,450.1531219,NA
R50,A,APC,540,NA
R49,A,APC,1190,NA
R48,A,APC,2010,NA
R47,A,APC,1530,NA
R46,A,APC,1060,NA
R45,A,APC,1280,NA
R44,A,APC,680,NA
R43,A,APC,900,NA
R42,A,APC,5461.014648,NA
R41,A,APC,1260,NA
R40,A,APC,440,NA
R39,A,APC,2260,NA
R38,A,APC,11738.86621,NA
R37,A,APC,3130,NA
R36,A,APC,640,NA
R35,A,APC,980,NA
R34,A,APC,2700,NA
R33,A,APC,2070,NA
R32,A,APC,7106.093994,NA
R31,A,APC,940,NA
R30,A,APC,330,NA
R29,A,APC,610,NA
R28,A,APC,320,NA
R27,A,APC,1170,NA
R26,A,APC,1080,NA
R75,B,APC,793.4083252,NA
R74,B,APC,1156.569336,NA
R73,B,APC,1262.824982,NA
R72,B,APC,1564.416016,NA
R71,B,APC,8954.172363,NA
R70,B,APC,704.8629761,NA
R69,A,APC,285.9608459,NA
R68,A,APC,55512.41992,NA
R67,A,APC,2197.636963,NA
R66,A,APC,30.85018444,NA
R65,A,APC,643.8572388,NA
R64,A,APC,585.1000061,NA
R63,A,APC,1511.920288,NA
R62,A,APC,296.6972504,NA
R61,A,APC,8339844,NA
R60,A,APC,1253.769897,NA
R59,A,APC,324.8994293,NA
R58,A,APC,551.4863892,NA
R57,A,APC,35789.57324,NA
R56,A,APC,32799.08398,NA
R55,A,APC,1506.078735,NA
R54,A,APC,1722.921143,NA
R53,A,APC,2272.065918,NA
R52,A,APC,1881730.313,NA
R51,A,APC,193.7401428,NA
R54,B,APC,1390,NA
R53,B,APC,2530,NA
R42,B,APC,17632.45117,NA
R38,B,APC,26552.79395,NA
R37,B,APC,7470.998291,NA
R35,B,APC,810,NA
R34,B,APC,3060,NA
R33,B,APC,1900,NA
R32,B,APC,1660,NA
R31,B,APC,730,NA
R30,B,APC,480,NA
R29,B,APC,1510,NA
R77,B,APC,1080,NA
R76,B,APC,560,NA
R51,B,APC,480,NA
R36,B,APC,71000,NA
R80,B,APC,300.1183624,NA
R79,B,APC,640.2703247,NA
R78,B,APC,390.1172485,NA
R49,B,APC,3621.843018,NA
R48,B,APC,1726.879844,NA
R47,B,APC,3081.280156,NA
R46,B,APC,2981.264844,NA
R45,B,APC,2996894.375,NA
R44,B,APC,720.3615723,NA
R41,B,APC,2946.214844,NA
R40,B,APC,714.4588318,NA
R39,B,APC,3148.340942,NA
R13,B,APC,34161.49023,NA
R12,B,APC,13712.26855,NA
R11,B,APC,3418.849731,NA
R10,B,APC,1583.836487,NA
R9,B,APC,5442.419434,NA
R8,B,APC,2268.690552,NA
R7,B,APC,935.5657959,NA
R6,B,APC,39554.85547,NA
R5,B,APC,470.1802826,NA
R4,B,APC,2055.035767,NA
R3,B,APC,2914.281128,NA
R2,B,APC,5342.232178,NA
R1,B,APC,2064.438721,NA
R65,B,APC,1280,NA
R66,B,APC,60,NA
R63,B,APC,720,NA
R62,B,APC,810,NA
R61,B,APC,1390,NA
R60,B,APC,140,NA
R59,B,APC,450,NA
R58,B,APC,990,NA
R55,B,APC,780,NA
R50,B,APC,1160,NA
R28,B,APC,7842.07251,NA
R27,B,APC,10609.03711,NA
R26,B,APC,60000,NA
R25,B,APC,6512.995117,NA
R24,B,APC,950,NA
R23,B,APC,820,NA
R22,B,APC,2350,NA
R21,B,APC,1020,NA
R20,B,APC,4729.009766,NA
R19,B,APC,370,NA
R18,B,APC,152000,NA
R17,B,APC,2580,NA
R16,B,APC,240,NA
R15,B,APC,29037.2666,NA
R14,B,APC,470,MOLD
R71,C,APC,1460,NA
R70,C,APC,3010,NA
R54,C,APC,2990,NA
R42,C,APC,1250,NA
R38,C,APC,24731.08887,NA
R37,C,APC,12229.8623,NA
R36,C,APC,2250,NA
R35,C,APC,850,NA
R32,C,APC,2610,NA
R31,C,APC,760,NA
R30,C,APC,1080,NA
R29,C,APC,1680,NA
R90,B,APC,1190,NA
R89,B,APC,7169.707764,NA
R88,B,APC,12650,NA
R87,B,APC,480,NA
R86,B,APC,1640,NA
R85,B,APC,3220,NA
R84,B,APC,16307.94727,NA
R83,B,APC,850,NA
R82,B,APC,450,NA
R81,B,APC,89000,NA
R69,B,APC,440,NA
R68,B,APC,2060,NA
R86,A,APC,1460,NA
R100,C,APC,1100,NA
R99,C,APC,840,NA
R98,C,APC,2110,NA
R97,C,APC,520,NA
R96,C,APC,1300,NA
R95,C,APC,4487.128662,NA
R94,C,APC,2510,NA
R93,C,APC,1120,NA
R92,C,APC,4650,NA
R91,C,APC,390,NA
R75,C,APC,360,NA
R74,C,APC,2550,NA
R73,C,APC,1140,NA
R72,C,APC,610,NA
R51,C,APC,330,NA
R41,C,APC,1160,NA
R40,C,APC,630,NA
R34,C,APC,5538.366211,NA
R28,C,APC,300,NA
R27,C,APC,430,NA
R26,C,APC,300,NA
R25,C,APC,31599.37891,NA
R24,C,APC,1290,NA
R23,C,APC,1520,NA
R22,C,APC,2230,NA
R53,C,APC,3590,NA
R52,C,APC,1080,NA
R39,C,APC,850,NA
R33,C,APC,5368.193116,NA
R21,C,APC,2480,NA
R20,C,APC,990,NA
R19,C,APC,230,NA
R18,C,APC,890,NA
R17,C,APC,2310,NA
R16,C,APC,580,NA
R15,C,APC,1860,NA
R14,C,APC,260,NA
R13,C,APC,20281.45703,NA
R12,C,APC,4120,NA
R11,C,APC,1090,NA
R10,C,APC,1260,NA
R9,C,APC,2540,NA
R8,C,APC,1780,NA
R7,C,APC,280,NA
R6,C,APC,85000,NA
R5,C,APC,1020,NA
R4,C,APC,5925.123779,NA
R3,C,APC,1250,NA
R2,C,APC,3170,NA
R1,C,APC,270,NA
R89,C,APC,11296.65967,NA
R88,C,APC,1012.128235,NA
R87,C,APC,460.5832062,NA
R84,C,APC,2461.273926,NA
R83,C,APC,1120.816315,NA
R82,C,APC,368.2359772,NA
R81,C,APC,499.2593079,NA
R80,C,APC,1565.982239,NA
R79,C,APC,2504.432739,NA
R78,C,APC,641.0856934,NA
R65,C,APC,6818.054688,NA
R63,C,APC,1033.760803,NA
R62,C,APC,599.1639404,NA
R61,C,APC,436.8895416,NA
R60,C,APC,317.3752747,NA
R59,C,APC,1558.482971,NA
R58,C,APC,4123.931641,NA
R57,C,APC,10512.01172,NA
R50,C,APC,1859.675659,NA
R49,C,APC,2906.077271,NA
R48,C,APC,3071.604248,NA
R47,C,APC,1195.331543,NA
R46,C,APC,1531.310913,NA
R45,C,APC,1384.659912,NA
R44,C,APC,535.8700409,NA
R102,C,APC,2450,NA
R101,C,APC,3390,NA
R90,C,APC,340,NA
R86,C,APC,1230,NA
R85,C,APC,1480,NA
R77,C,APC,980,NA
R69,C,APC,900,NA
R68,C,APC,18460.26563,NA
R67,C,APC,2980,NA
R56,C,APC,2050,NA
R100,D,APC,2040,NA
R99,D,APC,2010,NA
R98,D,APC,770,NA
R97,D,APC,480,NA
R96,D,APC,330,NA
R95,D,APC,1500,NA
R94,D,APC,1530,NA
R93,D,APC,720,NA
R92,D,APC,2170,NA
R91,D,APC,650,NA
R71,D,APC,2730,NA
R70,D,APC,390,NA
R54,D,APC,1460,NA
R42,D,APC,1900,NA
R41,D,APC,16597.68213,NA
R40,D,APC,360,NA
R39,D,APC,720,NA
R38,D,APC,10019.646,NA
R37,D,APC,7260.796875,NA
R36,D,APC,530,NA
R35,D,APC,760,NA
R32,D,APC,3030,NA
R31,D,APC,420,NA
R30,D,APC,610,NA
R29,D,APC,600,NA
R25,D,APC,2620,NA
R24,D,APC,1060,NA
R23,D,APC,1460,NA
R22,D,APC,3410,NA
R21,D,APC,1380,NA
R20,D,APC,11444.00781,NA
R19,D,APC,440,NA
R18,D,APC,1050,NA
R17,D,APC,1290,NA
R16,D,APC,460,NA
R15,D,APC,2340,NA
R14,D,APC,290,NA
R13,D,APC,9405.697266,NA
R12,D,APC,1360,NA
R11,D,APC,1110,NA
R10,D,APC,290,NA
R9,D,APC,1990,NA
R8,D,APC,1570,NA
R7,D,APC,410,NA
R6,D,APC,3410,NA
R5,D,APC,660,NA
R4,D,APC,2450,NA
R3,D,APC,18998.34473,NA
R2,D,APC,1270,NA
R1,D,APC,160,NA
R25,E,APC,340,NA
R24,E,APC,1230,NA
R23,E,APC,840,NA
R22,E,APC,1740,NA
R21,E,APC,390,NA
R20,E,APC,970,NA
R19,E,APC,880,NA
R18,E,APC,810,NA
R17,E,APC,1510,NA
R16,E,APC,190,NA
R15,E,APC,2230,NA
R14,E,APC,140,NA
R13,E,APC,6920.450439,NA
R12,E,APC,880,NA
R11,E,APC,420,NA
R10,E,APC,230,NA
R9,E,APC,2620,NA
R8,E,APC,1140,NA
R7,E,APC,280,NA
R6,E,APC,15438.74219,NA
R5,E,APC,21523.17969,NA
R4,E,APC,610,NA
R3,E,APC,47000,NA
R2,E,APC,1540,NA
R1,E,APC,100,NA
R28,E,APC,270,NA
R27,E,APC,210,NA
R26,E,APC,220,NA
R1,F,APC,80,NA
R2,F,APC,490,NA
R3,F,APC,700,NA
R4,F,APC,1590,NA
R5,F,APC,1010,NA
R6,F,APC,11542.23926,NA
R7,F,APC,290,NA
R8,F,APC,400,NA
R9,F,APC,17673.84131,NA
R10,F,APC,240,NA
R11,F,APC,280,NA
R12,F,APC,3530,NA
R13,F,APC,4946.708008,NA
R14,F,APC,23509.93359,NA
R15,F,APC,13137.85596,NA
R16,F,APC,390,NA
R17,F,APC,350,NA
R18,F,APC,168000,NA
R19,F,APC,380,NA
R20,F,APC,9970.530273,NA
R21,F,APC,450,NA
R22,F,APC,1080,Estimated
R77,F,APC,570,NA
R69,F,APC,570,NA
R67,F,APC,1730,NA
R76,F,APC,90,NA
R70,F,APC,320,NA
R66,F,APC,110,NA
R65,F,APC,910,NA
R63,F,APC,2320,NA
R62,F,APC,450,NA
R61,F,APC,90,NA
R60,F,APC,660,NA
R59,F,APC,1590,NA
R58,F,APC,350,NA
R56,F,APC,1390,NA
R50,F,APC,630,NA
R45,F,APC,3380,NA
R44,F,APC,840,NA
R33,F,APC,2270,NA
R28,F,APC,370,NA
R27,F,APC,420,NA
R26,F,APC,17180,NA
R25,F,APC,319000,NA
R24,F,APC,940,NA
R23,F,APC,4046.187988,NA
R66,E,APC,170,NA
R101,F,APC,580,NA
R90,F,APC,1560,NA
R89,F,APC,102000,NA
R88,F,APC,140,NA
R87,F,APC,210,NA
R86,F,APC,420,NA
R85,F,APC,240,NA
R84,F,APC,12856.65967,NA
R83,F,APC,320,NA
R82,F,APC,290,NA
R81,F,APC,890.0879517,NA
R80,F,APC,720,NA
R79,F,APC,93000,NA
R96,G,APC,1660,NA
R95,G,APC,1240,NA
R94,G,APC,6095.297119,NA
R93,G,APC,380,NA
R92,G,APC,67000,NA
R91,G,APC,1130,NA
R75,G,APC,420,NA
R74,G,APC,640,NA
R73,G,APC,1370,NA
R72,G,APC,790,NA
R71,G,APC,3910,NA
R70,G,APC,1760,NA
R99,G,APC,280,NA
R98,G,APC,810,NA
R97,G,APC,870,NA
R90,G,APC,410,NA
R89,G,APC,770,NA
R88,G,APC,310,NA
R87,G,APC,190,NA
R84,G,APC,1070,NA
R83,G,APC,5476.485156,NA
R82,G,APC,390,NA
R81,G,APC,1980,NA
R80,G,APC,2320,NA
R79,G,APC,6543.935547,NA
R99,H,APC,1850,SPREADER
R98,H,APC,770,SPREADER
R96,H,APC,2330,NA
R95,H,APC,1720,NA
R93,H,APC,1200,NA
R92,H,APC,2800,NA
R91,H,APC,750,NA
R26,D,APC,0,lab error
R27,D,APC,0,lab error
R28,D,APC,0,lab error
R33,D,APC,0,lab error
R44,D,APC,0,lab error
R45,D,APC,0,lab error
R46,D,APC,0,lab error
R47,D,APC,0,lab error
R48,D,APC,0,lab error
R49,D,APC,0,lab error
R51,D,APC,0,lab error
R53,D,APC,0,lab error
R56,D,APC,0,lab error
R58,D,APC,0,lab error
R59,D,APC,0,lab error
R60,D,APC,0,lab error
R61,D,APC,0,lab error
R62,D,APC,0,lab error
R63,D,APC,0,lab error
R65,D,APC,0,lab error
R66,D,APC,0,lab error
R67,D,APC,0,lab error
R68,D,APC,0,lab error
R69,D,APC,0,lab error
R72,D,APC,0,lab error
R26,D,MSC,0,lab error
R27,D,MSC,0,lab error
R28,D,MSC,0,lab error
R33,D,MSC,0,lab error
R44,D,MSC,0,lab error
R45,D,MSC,0,lab error
R46,D,MSC,0,lab error
R47,D,MSC,0,lab error
R48,D,MSC,0,lab error
R49,D,MSC,0,lab error
R51,D,MSC,0,lab error
R53,D,MSC,0,lab error
R56,D,MSC,0,lab error
R58,D,MSC,0,lab error
R59,D,MSC,0,lab error
R60,D,MSC,0,lab error
R61,D,MSC,0,lab error
R62,D,MSC,0,lab error
R63,D,MSC,0,lab error
R65,D,MSC,0,lab error
R66,D,MSC,0,lab error
R67,D,MSC,0,lab error
R68,D,MSC,0,lab error
R69,D,MSC,0,lab error
R72,D,MSC,0,lab error
R98,E,MSC,0,lab error
R99,E,MSC,0,lab error
R100,E,MSC,0,lab error
R101,E,MSC,0,lab error
R102,E,MSC,0,lab error
R29,F,MSC,0,lab error
R30,F,MSC,0,lab error
R34,F,MSC,0,lab error
R36,F,MSC,0,lab error
R85,E,TSC,0,lab error
R102,E,TSC,0,lab error
R36,F,TSC,0,lab error
